{
  "best_time_sessions": {
    "mean": {
      "ASIA_MAIN": -6.005468271901897,
      "TRANSITION": 4.056690935028948
    },
    "count": {
      "ASIA_MAIN": 413,
      "TRANSITION": 587
    },
    "std": {
      "ASIA_MAIN": 25.106877671243172,
      "TRANSITION": 20.250758789949916
    }
  },
  "symbol_performance": {
    "mean": {
      "1INCHUSDT": 20.545239035954538,
      "ADAUSDT": 2.8527528540636875,
      "ALPHAUSDT": 23.77807133421395,
      "ATOMUSDT": -62.460961898813395,
      "AVAXUSDT": -6.418368555382853,
      "AXSUSDT": 11.279826464208542,
      "BCHUSDT": -4.013834573907198,
      "BNBUSDT": 5.961165255358145,
      "BTCUSDT": -10.89974158874586,
      "CHZUSDT": 10.55011303692514,
      "DOGEUSDT": 8.423736310527634,
      "DOTUSDT": -9.53064234608007,
      "EOSUSDT": 0.0,
      "ETHUSDT": 6.79777665685692,
      "FLOWUSDT": 1.697520438664841,
      "GALAUSDT": -8.848371724908016,
      "IMXUSDT": -29.070820503532087,
      "JUPUSDT": 7.91407574901081,
      "LINKUSDT": 12.977783241030755,
      "LTCUSDT": -5.09968193558243,
      "MANAUSDT": -60.91370558375641,
      "MKRUSDT": -65.26383943023643,
      "NOTUSDT": 21.097046413502166,
      "SNXUSDT": -24.725274725274748,
      "SUIUSDT": 14.15385780398356,
      "SUSHIUSDT": -9.358128255295675,
      "THETAUSDT": 11.306062996802869,
      "XRPUSDT": 5.936525354301611
    },
    "count": {
      "1INCHUSDT": 9,
      "ADAUSDT": 23,
      "ALPHAUSDT": 9,
      "ATOMUSDT": 9,
      "AVAXUSDT": 34,
      "AXSUSDT": 16,
      "BCHUSDT": 43,
      "BNBUSDT": 61,
      "BTCUSDT": 24,
      "CHZUSDT": 16,
      "DOGEUSDT": 57,
      "DOTUSDT": 27,
      "EOSUSDT": 64,
      "ETHUSDT": 58,
      "FLOWUSDT": 216,
      "GALAUSDT": 34,
      "IMXUSDT": 18,
      "JUPUSDT": 18,
      "LINKUSDT": 44,
      "LTCUSDT": 42,
      "MANAUSDT": 9,
      "MKRUSDT": 8,
      "NOTUSDT": 9,
      "SNXUSDT": 18,
      "SUIUSDT": 17,
      "SUSHIUSDT": 36,
      "THETAUSDT": 41,
      "XRPUSDT": 40
    },
    "std": {
      "1INCHUSDT": 0.0,
      "ADAUSDT": 3.1800296951726144,
      "ALPHAUSDT": 0.0,
      "ATOMUSDT": 0.0,
      "AVAXUSDT": 27.646313789908827,
      "AXSUSDT": 11.649754678397167,
      "BCHUSDT": 30.966464231627242,
      "BNBUSDT": 9.677717636332284,
      "BTCUSDT": 31.757858124326447,
      "CHZUSDT": 10.896109891364484,
      "DOGEUSDT": 10.257124813232092,
      "DOTUSDT": 40.563041578539966,
      "EOSUSDT": 0.0,
      "ETHUSDT": 10.050996632813762,
      "FLOWUSDT": 11.715137107172138,
      "GALAUSDT": 28.182120072903725,
      "IMXUSDT": 29.913627511725533,
      "JUPUSDT": 8.143516761995969,
      "LINKUSDT": 11.1083549686267,
      "LTCUSDT": 31.31904904017843,
      "MANAUSDT": 0.0,
      "MKRUSDT": 0.0,
      "NOTUSDT": 0.0,
      "SNXUSDT": 25.442097795866715,
      "SUIUSDT": 15.474461996532915,
      "SUSHIUSDT": 36.06526491783567,
      "THETAUSDT": 9.341799853848244,
      "XRPUSDT": 7.606183153268531
    }
  },
  "indicator_effectiveness": {
    "signal_strength": 0.44113825266536294,
    "rsi_value": NaN,
    "volume_ratio": NaN,
    "profit_loss": 1.0
  },
  "risk_patterns": {}
}