{
  "best_time_sessions": {
    "mean": {
      "ASIA_MAIN": -11.773254309320976,
      "TRANSITION": 4.269980720050793
    },
    "count": {
      "ASIA_MAIN": 512,
      "TRANSITION": 488
    },
    "std": {
      "ASIA_MAIN": 21.935561876757966,
      "TRANSITION": 21.114896557821613
    }
  },
  "symbol_performance": {
    "mean": {
      "1INCHUSDT": 8.001641362330707,
      "ADAUSDT": -11.643716577540255,
      "ALPHAUSDT": 11.371467953135843,
      "AVAXUSDT": -5.31546577993225,
      "AXSUSDT": 10.319057617131087,
      "BCHUSDT": -3.3680544988997796,
      "BNBUSDT": 10.716547748762519,
      "BTCUSDT": -10.89974158874586,
      "CHZUSDT": 10.55011303692514,
      "DOGEUSDT": -8.696723409178132,
      "DOTUSDT": -9.53064234608007,
      "ETHUSDT": 8.849555840061814,
      "FLOWUSDT": 1.7954088709072211,
      "GALAUSDT": -7.751834840412725,
      "GMTUSDT": 7.949891592387304,
      "IMXUSDT": -29.070820503532083,
      "JUPUSDT": 7.914075749010811,
      "LINKUSDT": -5.302221337667983,
      "LTCUSDT": -3.8160692326428935,
      "MANAUSDT": -60.9137055837564,
      "MKRUSDT": -65.26383943023643,
      "SNXUSDT": -24.725274725274748,
      "SUIUSDT": 15.038473916732531,
      "SUSHIUSDT": -9.358128255295675,
      "THETAUSDT": -8.851622386464776,
      "XRPUSDT": 7.528266613798197
    },
    "count": {
      "1INCHUSDT": 16,
      "ADAUSDT": 82,
      "ALPHAUSDT": 16,
      "AVAXUSDT": 32,
      "AXSUSDT": 32,
      "BCHUSDT": 40,
      "BNBUSDT": 32,
      "BTCUSDT": 24,
      "CHZUSDT": 16,
      "DOGEUSDT": 99,
      "DOTUSDT": 24,
      "ETHUSDT": 40,
      "FLOWUSDT": 128,
      "GALAUSDT": 32,
      "GMTUSDT": 16,
      "IMXUSDT": 16,
      "JUPUSDT": 16,
      "LINKUSDT": 91,
      "LTCUSDT": 40,
      "MANAUSDT": 8,
      "MKRUSDT": 8,
      "SNXUSDT": 16,
      "SUIUSDT": 16,
      "SUSHIUSDT": 32,
      "THETAUSDT": 90,
      "XRPUSDT": 38
    },
    "std": {
      "1INCHUSDT": 8.264059663635003,
      "ADAUSDT": 13.973804765623923,
      "ALPHAUSDT": 11.74440160118039,
      "AVAXUSDT": 27.475835079213144,
      "AXSUSDT": 10.574667412054218,
      "BCHUSDT": 30.531616458835266,
      "BNBUSDT": 10.900700096838907,
      "BTCUSDT": 31.757858124326447,
      "CHZUSDT": 10.896109891364484,
      "DOGEUSDT": 18.15025010206612,
      "DOTUSDT": 40.660901893451005,
      "ETHUSDT": 10.977838569527934,
      "FLOWUSDT": 13.41128074743875,
      "GALAUSDT": 27.9182988254991,
      "GMTUSDT": 8.21061273105877,
      "IMXUSDT": 30.024214312203966,
      "JUPUSDT": 8.173622287078095,
      "LINKUSDT": 15.985681959336992,
      "LTCUSDT": 30.775588200580835,
      "MANAUSDT": 0.0,
      "MKRUSDT": 0.0,
      "SNXUSDT": 25.536153931037934,
      "SUIUSDT": 15.531669075167926,
      "SUSHIUSDT": 36.12984019768828,
      "THETAUSDT": 17.460464089233923,
      "XRPUSDT": 9.47638539790016
    }
  },
  "indicator_effectiveness": {
    "signal_strength": 0.6059884131751936,
    "rsi_value": NaN,
    "volume_ratio": NaN,
    "profit_loss": 1.0
  },
  "risk_patterns": {}
}