{
  "best_time_sessions": {
    "mean": {
      "ASIA_MAIN": -7.877226709300243,
      "TRANSITION": 4.4782821900923615
    },
    "count": {
      "ASIA_MAIN": 619,
      "TRANSITION": 381
    },
    "std": {
      "ASIA_MAIN": 19.55881490381151,
      "TRANSITION": 20.861445461438322
    }
  },
  "symbol_performance": {
    "mean": {
      "1INCHUSDT": 7.386130488305261,
      "ADAUSDT": -7.698057204533363,
      "ALPHAUSDT": 4.679168631433931,
      "AVAXUSDT": -5.10284714873496,
      "AXSUSDT": 8.59732968320461,
      "BCHUSDT": -3.3680544988997796,
      "BNBUSDT": 10.287885838812016,
      "BTCUSDT": -13.128035891092562,
      "CHZUSDT": 10.55011303692514,
      "DOGEUSDT": -9.314386199914887,
      "DOTUSDT": -9.530642346080068,
      "ETHUSDT": 8.564086296834015,
      "FLOWUSDT": 2.6094549243993725,
      "GALAUSDT": -7.441761446796216,
      "GMTUSDT": 6.624909660322669,
      "IMXUSDT": -29.070820503532087,
      "JUPUSDT": 7.91407574901081,
      "LINKUSDT": -5.521685143687906,
      "LTCUSDT": -2.986673765883485,
      "MANAUSDT": -60.9137055837564,
      "MKRUSDT": -65.26383943023643,
      "SNXUSDT": -22.82333051563823,
      "SUIUSDT": 16.195279602635033,
      "SUSHIUSDT": -8.983803125083847,
      "THETAUSDT": -9.353574371702265,
      "XRPUSDT": 7.173915911317935
    },
    "count": {
      "1INCHUSDT": 35,
      "ADAUSDT": 109,
      "ALPHAUSDT": 38,
      "AVAXUSDT": 25,
      "AXSUSDT": 47,
      "BCHUSDT": 30,
      "BNBUSDT": 25,
      "BTCUSDT": 19,
      "CHZUSDT": 14,
      "DOGEUSDT": 101,
      "DOTUSDT": 18,
      "ETHUSDT": 31,
      "FLOWUSDT": 116,
      "GALAUSDT": 25,
      "GMTUSDT": 24,
      "IMXUSDT": 12,
      "JUPUSDT": 12,
      "LINKUSDT": 95,
      "LTCUSDT": 31,
      "MANAUSDT": 6,
      "MKRUSDT": 6,
      "SNXUSDT": 13,
      "SUIUSDT": 13,
      "SUSHIUSDT": 25,
      "THETAUSDT": 92,
      "XRPUSDT": 38
    },
    "std": {
      "1INCHUSDT": 5.78171791112674,
      "ADAUSDT": 14.229154663479493,
      "ALPHAUSDT": 9.622082860368986,
      "AVAXUSDT": 27.064005303498522,
      "AXSUSDT": 8.18874630200071,
      "BCHUSDT": 30.662935845330377,
      "BNBUSDT": 10.941012246177033,
      "BTCUSDT": 32.57113398513358,
      "CHZUSDT": 10.948369711045387,
      "DOGEUSDT": 17.25154853195901,
      "DOTUSDT": 40.95878794098485,
      "ETHUSDT": 10.955655837538032,
      "FLOWUSDT": 12.471272908262815,
      "GALAUSDT": 27.522314864572213,
      "GMTUSDT": 6.848566553184957,
      "IMXUSDT": 30.363481739782227,
      "JUPUSDT": 8.265982532661814,
      "LINKUSDT": 15.033603729317988,
      "LTCUSDT": 30.7373260127349,
      "MANAUSDT": 0.0,
      "MKRUSDT": 0.0,
      "SNXUSDT": 25.658630192115062,
      "SUIUSDT": 15.606161920165295,
      "SUSHIUSDT": 35.6100500984763,
      "THETAUSDT": 16.498963792130628,
      "XRPUSDT": 9.423798944774486
    }
  },
  "indicator_effectiveness": {
    "signal_strength": 0.593876018604251,
    "rsi_value": NaN,
    "volume_ratio": NaN,
    "profit_loss": 1.0
  },
  "risk_patterns": {}
}