{
  "best_time_sessions": {
    "mean": {
      "ASIA_MAIN": -6.786787890990852,
      "TRANSITION": 3.8425500741824523
    },
    "count": {
      "ASIA_MAIN": 408,
      "TRANSITION": 592
    },
    "std": {
      "ASIA_MAIN": 26.559851885538937,
      "TRANSITION": 21.171141905908613
    }
  },
  "symbol_performance": {
    "mean": {
      "1INCHUSDT": 20.545239035954538,
      "ADAUSDT": 1.8926917974076696,
      "ALPHAUSDT": 23.77807133421395,
      "ATOMUSDT": -62.46096189881339,
      "AVAXUSDT": -6.302273526388053,
      "AXSUSDT": 11.279826464208542,
      "BCHUSDT": -3.946565816093925,
      "BNBUSDT": 5.977901052527896,
      "BTCUSDT": -10.899741588745858,
      "CHZUSDT": 10.55011303692514,
      "DOGEUSDT": 8.958912707281668,
      "DOTUSDT": -9.53064234608007,
      "EOSUSDT": 0.0,
      "ETHUSDT": 8.399589443210742,
      "FLOWUSDT": 1.697520438664841,
      "GALAUSDT": -8.732946789697985,
      "IMXUSDT": -29.070820503532083,
      "JUPUSDT": 7.914075749010811,
      "LINKUSDT": 11.753293062891725,
      "LTCUSDT": -4.963127392716522,
      "MANAUSDT": -60.9137055837564,
      "MKRUSDT": -65.26383943023643,
      "NOTUSDT": 21.097046413502166,
      "SNXUSDT": -24.725274725274748,
      "SUIUSDT": 14.246975289536081,
      "SUSHIUSDT": -9.358128255295673,
      "THETAUSDT": 11.294826275406711,
      "XRPUSDT": 6.158128267826247
    },
    "count": {
      "1INCHUSDT": 10,
      "ADAUSDT": 13,
      "ALPHAUSDT": 10,
      "ATOMUSDT": 10,
      "AVAXUSDT": 38,
      "AXSUSDT": 18,
      "BCHUSDT": 48,
      "BNBUSDT": 68,
      "BTCUSDT": 27,
      "CHZUSDT": 18,
      "DOGEUSDT": 51,
      "DOTUSDT": 30,
      "EOSUSDT": 20,
      "ETHUSDT": 51,
      "FLOWUSDT": 240,
      "GALAUSDT": 38,
      "IMXUSDT": 20,
      "JUPUSDT": 20,
      "LINKUSDT": 37,
      "LTCUSDT": 47,
      "MANAUSDT": 10,
      "MKRUSDT": 9,
      "NOTUSDT": 10,
      "SNXUSDT": 20,
      "SUIUSDT": 19,
      "SUSHIUSDT": 40,
      "THETAUSDT": 46,
      "XRPUSDT": 32
    },
    "std": {
      "1INCHUSDT": 0.0,
      "ADAUSDT": 3.0983559195071426,
      "ALPHAUSDT": 0.0,
      "ATOMUSDT": 0.0,
      "AVAXUSDT": 27.58387222668101,
      "AXSUSDT": 11.606845675588758,
      "BCHUSDT": 30.88102206488182,
      "BNBUSDT": 9.679169115863896,
      "BTCUSDT": 31.681425141971793,
      "CHZUSDT": 10.85597675355719,
      "DOGEUSDT": 11.353664684185496,
      "DOTUSDT": 40.48526002743398,
      "EOSUSDT": 0.0,
      "ETHUSDT": 10.715173452938203,
      "FLOWUSDT": 11.71241360670359,
      "GALAUSDT": 28.10898309925915,
      "IMXUSDT": 29.826032513977157,
      "JUPUSDT": 8.119670395247192,
      "LINKUSDT": 12.257187228878333,
      "LTCUSDT": 31.22180469882552,
      "MANAUSDT": 0.0,
      "MKRUSDT": 0.0,
      "NOTUSDT": 0.0,
      "SNXUSDT": 25.367596617490094,
      "SUIUSDT": 15.429148686964815,
      "SUSHIUSDT": 36.013853252471506,
      "THETAUSDT": 9.339250385516038,
      "XRPUSDT": 8.99419528494417
    }
  },
  "indicator_effectiveness": {
    "signal_strength": 0.45519585219883946,
    "rsi_value": NaN,
    "volume_ratio": NaN,
    "profit_loss": 1.0
  },
  "risk_patterns": {}
}