{
  "best_time_sessions": {
    "mean": {
      "ASIA_MAIN": -3.6169484218411556
    },
    "count": {
      "ASIA_MAIN": 1000
    },
    "std": {
      "ASIA_MAIN": 9.821250651620238
    }
  },
  "symbol_performance": {
    "mean": {
      "1INCHUSDT": -7.9504997591500395,
      "AAVEUSDT": -2.5644986143709456,
      "ADAUSDT": -5.286352281882135,
      "ALGOUSDT": -0.7905724238457903,
      "ALPHAUSDT": -18.161286343148273,
      "APTUSDT": 5.665543197231706,
      "ARBUSDT": -1.0644440603533083,
      "ARKMUSDT": -5.4402360119713284,
      "ATOMUSDT": 0.52926020250857,
      "AVAXUSDT": 1.7906680284919283,
      "AXSUSDT": -12.656300383361597,
      "BCHUSDT": 0.014049978366279803,
      "BNBUSDT": -1.2259185722206767,
      "BOMEUSDT": -3.5538995091863437,
      "BTCUSDT": -3.874046329592897,
      "CAKEUSDT": -0.20714684411294776,
      "CHZUSDT": -1.778531337615084,
      "COMPUSDT": -1.2330469496843794,
      "CRVUSDT": 0.5941770647653003,
      "DOGEUSDT": 2.2787048793759395,
      "DOTUSDT": -1.8725391579757744,
      "ENJUSDT": 1.0846817096897243,
      "EOSUSDT": 0.0,
      "ETCUSDT": -3.1828552705596596,
      "ETHUSDT": 7.2041927782751,
      "FETUSDT": -1.5299950204017676,
      "FLOWUSDT": -19.286542923433892,
      "GALAUSDT": -1.5965732380620936,
      "GMTUSDT": -24.245581977680818,
      "GRTUSDT": 0.6716686252116968,
      "IMXUSDT": -5.632952445189255,
      "JUPUSDT": -7.289398052639715,
      "LINKUSDT": -5.301031347327752,
      "LTCUSDT": 5.151290173211724,
      "MANAUSDT": -13.592277446663672,
      "MATICUSDT": 0.0,
      "METISUSDT": -16.25143067620813,
      "MKRUSDT": -6.668020344068938,
      "NOTUSDT": 0.27609055770293844,
      "OPUSDT": 0.7839721254356857,
      "REZUSDT": -16.457680250783913,
      "SANDUSDT": 0.59132594096609,
      "SEIUSDT": 2.3227152066743373,
      "SNXUSDT": 0.7391705064911951,
      "SOLUSDT": -3.6315108289598594,
      "STRKUSDT": -12.186667175504658,
      "SUIUSDT": 5.247824264865636,
      "SUSHIUSDT": 4.8851668569976745,
      "THETAUSDT": 1.072129820808217,
      "TIAUSDT": -3.731774512973752,
      "TRXUSDT": -2.4450519469847505,
      "UNIUSDT": 1.3648771610554895,
      "VETUSDT": -0.3408984287435981,
      "WIFUSDT": -5.766421530990687,
      "WLDUSDT": -1.8641850461665168,
      "XLMUSDT": -6.833765773025434,
      "XRPUSDT": -3.3672436330752076,
      "YFIUSDT": -0.16626953423912122
    },
    "count": {
      "1INCHUSDT": 17,
      "AAVEUSDT": 16,
      "ADAUSDT": 16,
      "ALGOUSDT": 17,
      "ALPHAUSDT": 26,
      "APTUSDT": 17,
      "ARBUSDT": 18,
      "ARKMUSDT": 17,
      "ATOMUSDT": 17,
      "AVAXUSDT": 16,
      "AXSUSDT": 19,
      "BCHUSDT": 16,
      "BNBUSDT": 17,
      "BOMEUSDT": 18,
      "BTCUSDT": 17,
      "CAKEUSDT": 16,
      "CHZUSDT": 25,
      "COMPUSDT": 17,
      "CRVUSDT": 17,
      "DOGEUSDT": 8,
      "DOTUSDT": 16,
      "ENJUSDT": 24,
      "EOSUSDT": 16,
      "ETCUSDT": 16,
      "ETHUSDT": 9,
      "FETUSDT": 17,
      "FLOWUSDT": 8,
      "GALAUSDT": 17,
      "GMTUSDT": 25,
      "GRTUSDT": 16,
      "IMXUSDT": 24,
      "JUPUSDT": 17,
      "LINKUSDT": 26,
      "LTCUSDT": 17,
      "MANAUSDT": 26,
      "MATICUSDT": 17,
      "METISUSDT": 16,
      "MKRUSDT": 24,
      "NOTUSDT": 17,
      "OPUSDT": 8,
      "REZUSDT": 8,
      "SANDUSDT": 26,
      "SEIUSDT": 18,
      "SNXUSDT": 17,
      "SOLUSDT": 18,
      "STRKUSDT": 18,
      "SUIUSDT": 17,
      "SUSHIUSDT": 8,
      "THETAUSDT": 26,
      "TIAUSDT": 17,
      "TRXUSDT": 16,
      "UNIUSDT": 8,
      "VETUSDT": 16,
      "WIFUSDT": 17,
      "WLDUSDT": 17,
      "XLMUSDT": 18,
      "XRPUSDT": 16,
      "YFIUSDT": 16
    },
    "std": {
      "1INCHUSDT": 8.720706649900556,
      "AAVEUSDT": 4.051136316044145,
      "ADAUSDT": 3.861114592717616,
      "ALGOUSDT": 1.9442715528049568,
      "ALPHAUSDT": 3.5947182603183427,
      "APTUSDT": 1.6345221448901741,
      "ARBUSDT": 6.585358039145542,
      "ARKMUSDT": 3.3894014129610404,
      "ATOMUSDT": 3.9946364072210216,
      "AVAXUSDT": 3.2136932953430386,
      "AXSUSDT": 19.047363475141868,
      "BCHUSDT": 4.826594752999401,
      "BNBUSDT": 1.3845983586232988,
      "BOMEUSDT": 5.274942370498345,
      "BTCUSDT": 0.7870787434875922,
      "CAKEUSDT": 1.3730388084603575,
      "CHZUSDT": 11.479759378827302,
      "COMPUSDT": 1.8930473251110578,
      "CRVUSDT": 5.550848252840751,
      "DOGEUSDT": 1.945449344196636,
      "DOTUSDT": 1.0201137140235084,
      "ENJUSDT": 14.310529150415103,
      "EOSUSDT": 0.0,
      "ETCUSDT": 6.730465875472248,
      "ETHUSDT": 2.0054901006030277,
      "FETUSDT": 2.5782979086934095,
      "FLOWUSDT": 9.645179320368856,
      "GALAUSDT": 2.612756188330673,
      "GMTUSDT": 22.149967951347318,
      "GRTUSDT": 2.9430167512940684,
      "IMXUSDT": 12.277351397241215,
      "JUPUSDT": 3.598235828601588,
      "LINKUSDT": 6.936785740348248,
      "LTCUSDT": 2.9558065393042647,
      "MANAUSDT": 19.697200219443925,
      "MATICUSDT": 0.0,
      "METISUSDT": 6.200338529850992,
      "MKRUSDT": 6.459236777290094,
      "NOTUSDT": 6.927067526391365,
      "OPUSDT": 1.6184016637436924,
      "REZUSDT": 3.2448223793529123,
      "SANDUSDT": 5.021389850088644,
      "SEIUSDT": 3.2242925464946057,
      "SNXUSDT": 3.1891239154248967,
      "SOLUSDT": 2.586097646472155,
      "STRKUSDT": 4.259942859821026,
      "SUIUSDT": 3.494554768072739,
      "SUSHIUSDT": 4.091013563038538,
      "THETAUSDT": 6.733935886939098,
      "TIAUSDT": 3.4756482635582673,
      "TRXUSDT": 6.4885751566519945,
      "UNIUSDT": 1.904524544030191,
      "VETUSDT": 3.2860136716455175,
      "WIFUSDT": 4.195977526202104,
      "WLDUSDT": 1.802613075303349,
      "XLMUSDT": 4.477766740917804,
      "XRPUSDT": 6.094277655752299,
      "YFIUSDT": 2.4190084187087297
    }
  },
  "indicator_effectiveness": {
    "signal_strength": -0.295166489185035,
    "rsi_value": NaN,
    "volume_ratio": NaN,
    "profit_loss": 1.0
  },
  "risk_patterns": {}
}