{
  "best_time_sessions": {
    "mean": {
      "ASIA_MAIN": -7.40387341612266,
      "TRANSITION": 4.285782001570913
    },
    "count": {
      "ASIA_MAIN": 390,
      "TRANSITION": 610
    },
    "std": {
      "ASIA_MAIN": 27.379827264227686,
      "TRANSITION": 21.126079250770143
    }
  },
  "symbol_performance": {
    "mean": {
      "1INCHUSDT": 20.545239035954538,
      "ADAUSDT": 0.0,
      "ALPHAUSDT": 23.77807133421395,
      "ATOMUSDT": -62.46096189881339,
      "AVAXUSDT": -5.31546577993225,
      "AXSUSDT": 11.279826464208542,
      "BCHUSDT": -3.368054498899779,
      "BNBUSDT": 6.12374157072144,
      "BTCUSDT": -10.899741588745858,
      "CHZUSDT": 10.55011303692514,
      "DOGEUSDT": 9.505333553791553,
      "DOTUSDT": -9.53064234608007,
      "ETHUSDT": 8.849555840061816,
      "FLOWUSDT": 1.697520438664841,
      "GALAUSDT": -7.751834840412725,
      "IMXUSDT": -29.070820503532083,
      "JUPUSDT": 7.914075749010811,
      "LINKUSDT": 12.079773425749828,
      "LTCUSDT": -3.8160692326428944,
      "MANAUSDT": -60.9137055837564,
      "MKRUSDT": -65.26383943023643,
      "NOTUSDT": 21.097046413502166,
      "SNXUSDT": -24.725274725274748,
      "SUIUSDT": 15.038473916732531,
      "SUSHIUSDT": -8.403009452867161,
      "THETAUSDT": 11.202685159958225,
      "XRPUSDT": 6.257470629413803
    },
    "count": {
      "1INCHUSDT": 10,
      "ADAUSDT": 10,
      "ALPHAUSDT": 10,
      "ATOMUSDT": 10,
      "AVAXUSDT": 40,
      "AXSUSDT": 20,
      "BCHUSDT": 50,
      "BNBUSDT": 70,
      "BTCUSDT": 30,
      "CHZUSDT": 20,
      "DOGEUSDT": 50,
      "DOTUSDT": 30,
      "ETHUSDT": 50,
      "FLOWUSDT": 240,
      "GALAUSDT": 40,
      "IMXUSDT": 20,
      "JUPUSDT": 20,
      "LINKUSDT": 40,
      "LTCUSDT": 50,
      "MANAUSDT": 10,
      "MKRUSDT": 10,
      "NOTUSDT": 10,
      "SNXUSDT": 20,
      "SUIUSDT": 20,
      "SUSHIUSDT": 41,
      "THETAUSDT": 50,
      "XRPUSDT": 29
    },
    "std": {
      "1INCHUSDT": 0.0,
      "ADAUSDT": 0.0,
      "ALPHAUSDT": 0.0,
      "ATOMUSDT": 0.0,
      "AVAXUSDT": 27.387629923566717,
      "AXSUSDT": 11.57285776755519,
      "BCHUSDT": 30.45363008253302,
      "BNBUSDT": 9.76034567731644,
      "BTCUSDT": 31.620674510537523,
      "CHZUSDT": 10.824187587936555,
      "DOGEUSDT": 11.927443172265734,
      "DOTUSDT": 40.48526002743398,
      "ETHUSDT": 10.949798067616655,
      "FLOWUSDT": 11.71241360670359,
      "GALAUSDT": 27.828673236825008,
      "IMXUSDT": 29.826032513977157,
      "JUPUSDT": 8.119670395247192,
      "LINKUSDT": 12.249325672805709,
      "LTCUSDT": 30.696978651506694,
      "MANAUSDT": 0.0,
      "MKRUSDT": 0.0,
      "NOTUSDT": 0.0,
      "SNXUSDT": 25.367596617490094,
      "SUIUSDT": 15.429148686964815,
      "SUSHIUSDT": 36.08289088245481,
      "THETAUSDT": 9.412923077527527,
      "XRPUSDT": 9.493198156731035
    }
  },
  "indicator_effectiveness": {
    "signal_strength": 0.4701542067969191,
    "rsi_value": NaN,
    "volume_ratio": NaN,
    "profit_loss": 1.0
  },
  "risk_patterns": {}
}