{
  "best_time_sessions": {
    "mean": {
      "ASIA_MAIN": -11.101835853940234,
      "TRANSITION": 3.922719271504761
    },
    "count": {
      "ASIA_MAIN": 536,
      "TRANSITION": 464
    },
    "std": {
      "ASIA_MAIN": 21.456653703529742,
      "TRANSITION": 21.450840095232607
    }
  },
  "symbol_performance": {
    "mean": {
      "1INCHUSDT": 8.001641362330707,
      "ADAUSDT": -10.814307851239825,
      "ALPHAUSDT": 11.371467953135843,
      "AVAXUSDT": -6.565422258776267,
      "AXSUSDT": 10.319057617131088,
      "BCHUSDT": -4.098805636408175,
      "BNBUSDT": 10.347254502638604,
      "BTCUSDT": -12.824177577136195,
      "CHZUSDT": 10.55011303692514,
      "DOGEUSDT": -8.37346285303755,
      "DOTUSDT": -9.53064234608007,
      "ETHUSDT": 8.740096475247594,
      "FLOWUSDT": 1.6058193358268493,
      "GALAUSDT": -8.994576642840721,
      "GMTUSDT": 7.949891592387304,
      "IMXUSDT": -29.070820503532083,
      "JUPUSDT": 7.914075749010811,
      "LINKUSDT": -4.775451041158011,
      "LTCUSDT": -4.558186970903916,
      "MANAUSDT": -60.9137055837564,
      "MKRUSDT": -65.26383943023643,
      "SNXUSDT": -24.725274725274748,
      "SUIUSDT": 15.038473916732531,
      "SUSHIUSDT": -9.358128255295675,
      "THETAUSDT": -8.540271128900988,
      "XRPUSDT": 7.886408313063808
    },
    "count": {
      "1INCHUSDT": 14,
      "ADAUSDT": 88,
      "ALPHAUSDT": 14,
      "AVAXUSDT": 30,
      "AXSUSDT": 28,
      "BCHUSDT": 38,
      "BNBUSDT": 31,
      "BTCUSDT": 22,
      "CHZUSDT": 16,
      "DOGEUSDT": 105,
      "DOTUSDT": 24,
      "ETHUSDT": 38,
      "FLOWUSDT": 124,
      "GALAUSDT": 30,
      "GMTUSDT": 14,
      "IMXUSDT": 16,
      "JUPUSDT": 16,
      "LINKUSDT": 98,
      "LTCUSDT": 38,
      "MANAUSDT": 8,
      "MKRUSDT": 7,
      "SNXUSDT": 16,
      "SUIUSDT": 16,
      "SUSHIUSDT": 32,
      "THETAUSDT": 95,
      "XRPUSDT": 42
    },
    "std": {
      "1INCHUSDT": 8.303695668792775,
      "ADAUSDT": 13.832943503527966,
      "ALPHAUSDT": 11.800729989573776,
      "AVAXUSDT": 27.725054521072355,
      "AXSUSDT": 10.599117542756593,
      "BCHUSDT": 31.074446355983376,
      "BNBUSDT": 10.87550253094581,
      "BTCUSDT": 32.3730465021913,
      "CHZUSDT": 10.896109891364484,
      "DOGEUSDT": 17.604621763251593,
      "DOTUSDT": 40.660901893451005,
      "ETHUSDT": 10.969244881786333,
      "FLOWUSDT": 13.51434688799904,
      "GALAUSDT": 28.274458359118828,
      "GMTUSDT": 8.24999239454169,
      "IMXUSDT": 30.024214312203966,
      "JUPUSDT": 8.173622287078095,
      "LINKUSDT": 15.410961735110408,
      "LTCUSDT": 31.325771567762466,
      "MANAUSDT": 0.0,
      "MKRUSDT": 0.0,
      "SNXUSDT": 25.536153931037934,
      "SUIUSDT": 15.531669075167926,
      "SUSHIUSDT": 36.12984019768828,
      "THETAUSDT": 16.84409172197256,
      "XRPUSDT": 9.45276788656202
    }
  },
  "indicator_effectiveness": {
    "signal_strength": 0.574178513209603,
    "rsi_value": NaN,
    "volume_ratio": NaN,
    "profit_loss": 1.0
  },
  "risk_patterns": {}
}