{
  "best_time_sessions": {
    "mean": {
      "ASIA_MAIN": -8.140781060853774,
      "TRANSITION": 4.314355689576246
    },
    "count": {
      "ASIA_MAIN": 618,
      "TRANSITION": 382
    },
    "std": {
      "ASIA_MAIN": 19.8023415913277,
      "TRANSITION": 21.07896379426158
    }
  },
  "symbol_performance": {
    "mean": {
      "1INCHUSDT": 8.109044839796072,
      "ADAUSDT": -8.471289133482344,
      "ALPHAUSDT": 4.996629968065942,
      "ATOMUSDT": -62.46096189881339,
      "AVAXUSDT": -5.31546577993225,
      "AXSUSDT": 8.526542791404701,
      "BCHUSDT": -3.3680544988997796,
      "BNBUSDT": 8.037410811571888,
      "BTCUSDT": -13.128035891092562,
      "CHZUSDT": 10.55011303692514,
      "DOGEUSDT": -9.502555618094986,
      "DOTUSDT": -9.029029591023223,
      "ETHUSDT": 8.296458600057951,
      "FLOWUSDT": 2.4940814382993017,
      "GALAUSDT": -7.751834840412724,
      "GMTUSDT": 6.359913273909743,
      "IMXUSDT": -31.307037465342244,
      "JUPUSDT": 7.91407574901081,
      "LINKUSDT": -5.580426475003735,
      "LTCUSDT": -2.986673765883485,
      "MANAUSDT": -60.9137055837564,
      "MKRUSDT": -65.26383943023643,
      "NOTUSDT": 21.097046413502166,
      "SNXUSDT": -24.725274725274748,
      "SUIUSDT": 16.195279602635033,
      "SUSHIUSDT": -9.358128255295675,
      "THETAUSDT": -9.017896622341643,
      "XRPUSDT": 6.969414892579446
    },
    "count": {
      "1INCHUSDT": 33,
      "ADAUSDT": 103,
      "ALPHAUSDT": 36,
      "ATOMUSDT": 2,
      "AVAXUSDT": 24,
      "AXSUSDT": 43,
      "BCHUSDT": 30,
      "BNBUSDT": 32,
      "BTCUSDT": 19,
      "CHZUSDT": 14,
      "DOGEUSDT": 99,
      "DOTUSDT": 19,
      "ETHUSDT": 32,
      "FLOWUSDT": 131,
      "GALAUSDT": 24,
      "GMTUSDT": 20,
      "IMXUSDT": 13,
      "JUPUSDT": 12,
      "LINKUSDT": 94,
      "LTCUSDT": 31,
      "MANAUSDT": 6,
      "MKRUSDT": 6,
      "NOTUSDT": 2,
      "SNXUSDT": 12,
      "SUIUSDT": 13,
      "SUSHIUSDT": 24,
      "THETAUSDT": 92,
      "XRPUSDT": 34
    },
    "std": {
      "1INCHUSDT": 6.144150523292927,
      "ADAUSDT": 14.133404574133175,
      "ALPHAUSDT": 9.93571497228393,
      "ATOMUSDT": 0.0,
      "AVAXUSDT": 27.62475668531665,
      "AXSUSDT": 8.064788342624485,
      "BCHUSDT": 30.662935845330377,
      "BNBUSDT": 10.55210379480655,
      "BTCUSDT": 32.57113398513358,
      "CHZUSDT": 10.948369711045387,
      "DOGEUSDT": 17.374791653200255,
      "DOTUSDT": 39.86479351429434,
      "ETHUSDT": 10.883315778434024,
      "FLOWUSDT": 12.007374472198187,
      "GALAUSDT": 28.06961862665471,
      "GMTUSDT": 6.559589174668015,
      "IMXUSDT": 30.16821616622896,
      "JUPUSDT": 8.265982532661814,
      "LINKUSDT": 15.103248708602479,
      "LTCUSDT": 30.7373260127349,
      "MANAUSDT": 0.0,
      "MKRUSDT": 0.0,
      "NOTUSDT": 0.0,
      "SNXUSDT": 25.82470720221893,
      "SUIUSDT": 15.606161920165295,
      "SUSHIUSDT": 36.32566732414288,
      "THETAUSDT": 16.843119858723867,
      "XRPUSDT": 9.462333629724084
    }
  },
  "indicator_effectiveness": {
    "signal_strength": 0.581549683736566,
    "rsi_value": NaN,
    "volume_ratio": NaN,
    "profit_loss": 1.0
  },
  "risk_patterns": {}
}