{
  "best_time_sessions": {
    "mean": {
      "ASIA_MAIN": -9.175769318421024,
      "TRANSITION": 4.269980720050793
    },
    "count": {
      "ASIA_MAIN": 573,
      "TRANSITION": 427
    },
    "std": {
      "ASIA_MAIN": 20.910062696175007,
      "TRANSITION": 21.117994173411933
    }
  },
  "symbol_performance": {
    "mean": {
      "1INCHUSDT": 9.540418547394328,
      "ADAUSDT": -9.051518826837368,
      "ALPHAUSDT": 10.96694933029703,
      "AVAXUSDT": -5.315465779932249,
      "AXSUSDT": 10.699860303024998,
      "BCHUSDT": -3.3680544988997796,
      "BNBUSDT": 10.716547748762519,
      "BTCUSDT": -10.899741588745858,
      "CHZUSDT": 10.55011303692514,
      "DOGEUSDT": -8.76294091663963,
      "DOTUSDT": -9.530642346080068,
      "ETHUSDT": 8.849555840061814,
      "FLOWUSDT": 2.1885354590005863,
      "GALAUSDT": -7.751834840412725,
      "GMTUSDT": 8.925560105998454,
      "IMXUSDT": -29.070820503532083,
      "JUPUSDT": 7.914075749010811,
      "LINKUSDT": -5.097303907632877,
      "LTCUSDT": -3.8160692326428935,
      "MANAUSDT": -60.9137055837564,
      "MKRUSDT": -65.26383943023643,
      "SNXUSDT": -24.725274725274748,
      "SUIUSDT": 15.038473916732531,
      "SUSHIUSDT": -9.358128255295673,
      "THETAUSDT": -8.453160751210369,
      "XRPUSDT": 6.915075089792183
    },
    "count": {
      "1INCHUSDT": 20,
      "ADAUSDT": 97,
      "ALPHAUSDT": 23,
      "AVAXUSDT": 28,
      "AXSUSDT": 35,
      "BCHUSDT": 35,
      "BNBUSDT": 28,
      "BTCUSDT": 21,
      "CHZUSDT": 14,
      "DOGEUSDT": 105,
      "DOTUSDT": 21,
      "ETHUSDT": 35,
      "FLOWUSDT": 120,
      "GALAUSDT": 28,
      "GMTUSDT": 20,
      "IMXUSDT": 14,
      "JUPUSDT": 14,
      "LINKUSDT": 98,
      "LTCUSDT": 35,
      "MANAUSDT": 7,
      "MKRUSDT": 7,
      "SNXUSDT": 14,
      "SUIUSDT": 14,
      "SUSHIUSDT": 28,
      "THETAUSDT": 97,
      "XRPUSDT": 42
    },
    "std": {
      "1INCHUSDT": 7.384780560397021,
      "ADAUSDT": 14.572771938274432,
      "ALPHAUSDT": 10.36463096333536,
      "AVAXUSDT": 27.539363106399875,
      "AXSUSDT": 9.66042562508498,
      "BCHUSDT": 30.58768926357416,
      "BNBUSDT": 10.925904061344806,
      "BTCUSDT": 31.856946846000127,
      "CHZUSDT": 10.948369711045387,
      "DOGEUSDT": 17.233535587314098,
      "DOTUSDT": 40.78776929033111,
      "ETHUSDT": 10.997999906199844,
      "FLOWUSDT": 13.119855628473031,
      "GALAUSDT": 27.98284989161521,
      "GMTUSDT": 7.277494120816968,
      "IMXUSDT": 30.16821616622896,
      "JUPUSDT": 8.212824537341838,
      "LINKUSDT": 15.135557400328466,
      "LTCUSDT": 30.832109071338607,
      "MANAUSDT": 0.0,
      "MKRUSDT": 0.0,
      "SNXUSDT": 25.658630192115062,
      "SUIUSDT": 15.606161920165295,
      "SUSHIUSDT": 36.21337751197604,
      "THETAUSDT": 16.68103343397452,
      "XRPUSDT": 9.306316369215885
    }
  },
  "indicator_effectiveness": {
    "signal_strength": 0.5836399818878263,
    "rsi_value": NaN,
    "volume_ratio": NaN,
    "profit_loss": 1.0
  },
  "risk_patterns": {}
}