{
  "best_time_sessions": {
    "mean": {
      "ASIA_MAIN": -8.1529185567764,
      "TRANSITION": 4.490067143224184
    },
    "count": {
      "ASIA_MAIN": 620,
      "TRANSITION": 380
    },
    "std": {
      "ASIA_MAIN": 19.812271660003905,
      "TRANSITION": 20.887679062214065
    }
  },
  "symbol_performance": {
    "mean": {
      "1INCHUSDT": 7.73695657064639,
      "ADAUSDT": -8.073731207749141,
      "ALPHAUSDT": 4.833609281687341,
      "ATOMUSDT": -62.46096189881339,
      "AVAXUSDT": -5.31546577993225,
      "AXSUSDT": 8.563509279344654,
      "BCHUSDT": -5.208395979639693,
      "BNBUSDT": 9.185612356082158,
      "BTCUSDT": -13.128035891092562,
      "CHZUSDT": 10.55011303692514,
      "DOGEUSDT": -9.407530061914036,
      "DOTUSDT": -9.530642346080068,
      "ETHUSDT": 8.564086296834015,
      "FLOWUSDT": 2.190582954851825,
      "GALAUSDT": -7.441761446796216,
      "GMTUSDT": 6.504456757407703,
      "IMXUSDT": -26.834603541721926,
      "JUPUSDT": 7.91407574901081,
      "LINKUSDT": -5.580426475003735,
      "LTCUSDT": -2.9866737658834857,
      "MANAUSDT": -60.9137055837564,
      "MKRUSDT": -65.26383943023643,
      "NOTUSDT": 21.097046413502166,
      "SNXUSDT": -24.725274725274748,
      "SUIUSDT": 16.195279602635033,
      "SUSHIUSDT": -9.358128255295673,
      "THETAUSDT": -9.185735497021955,
      "XRPUSDT": 7.077345985802538
    },
    "count": {
      "1INCHUSDT": 34,
      "ADAUSDT": 106,
      "ALPHAUSDT": 37,
      "ATOMUSDT": 1,
      "AVAXUSDT": 24,
      "AXSUSDT": 45,
      "BCHUSDT": 31,
      "BNBUSDT": 28,
      "BTCUSDT": 19,
      "CHZUSDT": 14,
      "DOGEUSDT": 100,
      "DOTUSDT": 18,
      "ETHUSDT": 31,
      "FLOWUSDT": 125,
      "GALAUSDT": 25,
      "GMTUSDT": 22,
      "IMXUSDT": 13,
      "JUPUSDT": 12,
      "LINKUSDT": 94,
      "LTCUSDT": 31,
      "MANAUSDT": 6,
      "MKRUSDT": 6,
      "NOTUSDT": 1,
      "SNXUSDT": 12,
      "SUIUSDT": 13,
      "SUSHIUSDT": 24,
      "THETAUSDT": 92,
      "XRPUSDT": 36
    },
    "std": {
      "1INCHUSDT": 5.971467830525335,
      "ADAUSDT": 14.188042648345796,
      "ALPHAUSDT": 9.777123190175928,
      "ATOMUSDT": NaN,
      "AVAXUSDT": 27.624756685316648,
      "AXSUSDT": 8.129898955502542,
      "BCHUSDT": 31.841288812442507,
      "BNBUSDT": 10.81226938378043,
      "BTCUSDT": 32.57113398513358,
      "CHZUSDT": 10.948369711045387,
      "DOGEUSDT": 17.312915511367073,
      "DOTUSDT": 40.95878794098485,
      "ETHUSDT": 10.95565583753803,
      "FLOWUSDT": 12.759877682306307,
      "GALAUSDT": 27.52231486457221,
      "GMTUSDT": 6.720735381482816,
      "IMXUSDT": 30.16821616622896,
      "JUPUSDT": 8.265982532661814,
      "LINKUSDT": 15.103248708602475,
      "LTCUSDT": 30.737326012734904,
      "MANAUSDT": 0.0,
      "MKRUSDT": 0.0,
      "NOTUSDT": NaN,
      "SNXUSDT": 25.82470720221893,
      "SUIUSDT": 15.606161920165295,
      "SUSHIUSDT": 36.32566732414288,
      "THETAUSDT": 16.67278398593795,
      "XRPUSDT": 9.442552587548372
    }
  },
  "indicator_effectiveness": {
    "signal_strength": 0.5825737826047638,
    "rsi_value": NaN,
    "volume_ratio": NaN,
    "profit_loss": 1.0
  },
  "risk_patterns": {}
}