{
  "best_time_sessions": {
    "mean": {
      "ASIA_MAIN": -8.402917528632502,
      "TRANSITION": 4.490067143224184
    },
    "count": {
      "ASIA_MAIN": 620,
      "TRANSITION": 380
    },
    "std": {
      "ASIA_MAIN": 20.0357566531638,
      "TRANSITION": 20.88767906221405
    }
  },
  "symbol_performance": {
    "mean": {
      "1INCHUSDT": 8.504388625767609,
      "ADAUSDT": -8.89270053475954,
      "ALPHAUSDT": 5.168966122237604,
      "ATOMUSDT": -62.46096189881339,
      "AVAXUSDT": -5.31546577993225,
      "AXSUSDT": 8.48596981683646,
      "BCHUSDT": -5.208395979639693,
      "BNBUSDT": 7.5646219403029535,
      "BTCUSDT": -13.128035891092562,
      "CHZUSDT": 10.55011303692514,
      "DOGEUSDT": -9.599520471340853,
      "DOTUSDT": -9.530642346080068,
      "ETHUSDT": 8.564086296834015,
      "FLOWUSDT": 2.112416783995457,
      "GALAUSDT": -7.441761446796216,
      "GMTUSDT": 6.183249016301125,
      "IMXUSDT": -26.834603541721926,
      "JUPUSDT": 7.91407574901081,
      "LINKUSDT": -5.701740094025555,
      "LTCUSDT": -2.9866737658834857,
      "MANAUSDT": -60.9137055837564,
      "MKRUSDT": -65.26383943023643,
      "NOTUSDT": 21.097046413502166,
      "SNXUSDT": -24.725274725274748,
      "SUIUSDT": 16.195279602635033,
      "SUSHIUSDT": -9.358128255295675,
      "THETAUSDT": -8.850057747661333,
      "XRPUSDT": 6.847992412703469
    },
    "count": {
      "1INCHUSDT": 32,
      "ADAUSDT": 100,
      "ALPHAUSDT": 35,
      "ATOMUSDT": 3,
      "AVAXUSDT": 24,
      "AXSUSDT": 41,
      "BCHUSDT": 31,
      "BNBUSDT": 34,
      "BTCUSDT": 19,
      "CHZUSDT": 14,
      "DOGEUSDT": 98,
      "DOTUSDT": 18,
      "ETHUSDT": 31,
      "FLOWUSDT": 141,
      "GALAUSDT": 25,
      "GMTUSDT": 18,
      "IMXUSDT": 13,
      "JUPUSDT": 12,
      "LINKUSDT": 92,
      "LTCUSDT": 31,
      "MANAUSDT": 6,
      "MKRUSDT": 6,
      "NOTUSDT": 3,
      "SNXUSDT": 12,
      "SUIUSDT": 13,
      "SUSHIUSDT": 24,
      "THETAUSDT": 92,
      "XRPUSDT": 32
    },
    "std": {
      "1INCHUSDT": 6.29797861142426,
      "ADAUSDT": 14.062834096375541,
      "ALPHAUSDT": 10.097976622331208,
      "ATOMUSDT": 0.0,
      "AVAXUSDT": 27.624756685316648,
      "AXSUSDT": 7.992352328172283,
      "BCHUSDT": 31.841288812442503,
      "BNBUSDT": 10.405933152751214,
      "BTCUSDT": 32.57113398513358,
      "CHZUSDT": 10.948369711045387,
      "DOGEUSDT": 17.43717788810618,
      "DOTUSDT": 40.95878794098485,
      "ETHUSDT": 10.955655837538028,
      "FLOWUSDT": 12.259517393496138,
      "GALAUSDT": 27.52231486457221,
      "GMTUSDT": 6.350157910133095,
      "IMXUSDT": 30.16821616622896,
      "JUPUSDT": 8.265982532661814,
      "LINKUSDT": 15.24539888137911,
      "LTCUSDT": 30.7373260127349,
      "MANAUSDT": 0.0,
      "MKRUSDT": 0.0,
      "NOTUSDT": 0.0,
      "SNXUSDT": 25.82470720221893,
      "SUIUSDT": 15.606161920165295,
      "SUSHIUSDT": 36.32566732414288,
      "THETAUSDT": 17.010076084921117,
      "XRPUSDT": 9.483101904873124
    }
  },
  "indicator_effectiveness": {
    "signal_strength": 0.5687007472356003,
    "rsi_value": NaN,
    "volume_ratio": NaN,
    "profit_loss": 1.0
  },
  "risk_patterns": {}
}