{
  "best_time_sessions": {
    "mean": {
      "ASIA_MAIN": -5.293495973591063,
      "TRANSITION": 4.2187706072645685
    },
    "count": {
      "ASIA_MAIN": 414,
      "TRANSITION": 586
    },
    "std": {
      "ASIA_MAIN": 23.685863346060387,
      "TRANSITION": 19.198131262975803
    }
  },
  "symbol_performance": {
    "mean": {
      "1INCHUSDT": 20.545239035954538,
      "ADAUSDT": 3.2309587248675733,
      "ALPHAUSDT": 23.77807133421395,
      "ATOMUSDT": -62.46096189881339,
      "AVAXUSDT": -6.565422258776267,
      "AXSUSDT": 11.279826464208542,
      "BCHUSDT": -4.098805636408175,
      "BNBUSDT": 5.940090547811051,
      "BTCUSDT": -3.399865090719943,
      "CHZUSDT": 10.55011303692514,
      "DOGEUSDT": 7.72688144040185,
      "DOTUSDT": -9.53064234608007,
      "EOSUSDT": 0.0,
      "ETHUSDT": 5.5058455314559716,
      "FLOWUSDT": 1.697520438664841,
      "GALAUSDT": -8.994576642840721,
      "IMXUSDT": -29.070820503532083,
      "JUPUSDT": 7.914075749010811,
      "LINKUSDT": 11.658111886730032,
      "LTCUSDT": -5.27314311165534,
      "MANAUSDT": -60.9137055837564,
      "MKRUSDT": -65.26383943023643,
      "NOTUSDT": 21.097046413502166,
      "SNXUSDT": -24.725274725274748,
      "SUIUSDT": 14.035908988950363,
      "SUSHIUSDT": -9.358128255295675,
      "THETAUSDT": 11.320421029697957,
      "XRPUSDT": 5.8090940581985215
    },
    "count": {
      "1INCHUSDT": 8,
      "ADAUSDT": 33,
      "ALPHAUSDT": 8,
      "ATOMUSDT": 8,
      "AVAXUSDT": 30,
      "AXSUSDT": 14,
      "BCHUSDT": 38,
      "BNBUSDT": 54,
      "BTCUSDT": 28,
      "CHZUSDT": 14,
      "DOGEUSDT": 62,
      "DOTUSDT": 24,
      "EOSUSDT": 104,
      "ETHUSDT": 63,
      "FLOWUSDT": 192,
      "GALAUSDT": 30,
      "IMXUSDT": 16,
      "JUPUSDT": 16,
      "LINKUSDT": 51,
      "LTCUSDT": 37,
      "MANAUSDT": 8,
      "MKRUSDT": 7,
      "NOTUSDT": 8,
      "SNXUSDT": 16,
      "SUIUSDT": 15,
      "SUSHIUSDT": 32,
      "THETAUSDT": 36,
      "XRPUSDT": 48
    },
    "std": {
      "1INCHUSDT": 0.0,
      "ADAUSDT": 3.1555495527418547,
      "ALPHAUSDT": 0.0,
      "ATOMUSDT": 0.0,
      "AVAXUSDT": 27.725054521072355,
      "AXSUSDT": 11.705629122110542,
      "BCHUSDT": 31.074446355983376,
      "BNBUSDT": 9.675840481612504,
      "BTCUSDT": 30.44924886668579,
      "CHZUSDT": 10.948369711045387,
      "DOGEUSDT": 9.431730522603553,
      "DOTUSDT": 40.660901893451,
      "EOSUSDT": 0.0,
      "ETHUSDT": 9.498180526427706,
      "FLOWUSDT": 11.718544155988443,
      "GALAUSDT": 28.274458359118828,
      "IMXUSDT": 30.024214312203966,
      "JUPUSDT": 8.173622287078095,
      "LINKUSDT": 10.28604402904126,
      "LTCUSDT": 31.441989135859338,
      "MANAUSDT": 0.0,
      "MKRUSDT": 0.0,
      "NOTUSDT": 0.0,
      "SNXUSDT": 25.536153931037934,
      "SUIUSDT": 15.531669075167924,
      "SUSHIUSDT": 36.12984019768828,
      "THETAUSDT": 9.345056495657083,
      "XRPUSDT": 6.65761089412818
    }
  },
  "indicator_effectiveness": {
    "signal_strength": 0.42749947819660533,
    "rsi_value": NaN,
    "volume_ratio": NaN,
    "profit_loss": 1.0
  },
  "risk_patterns": {}
}