{
  "signal_accuracy": 0.73,
  "profit_prediction_accuracy": 0.5464589748513311,
  "risk_assessment_accuracy": 0.7333333333333333,
  "total_trades_learned": 700,
  "last_training_time": "2025-08-30T01:54:50.305394",
  "win_rate_improvement": 0.0
}