{
  "signal_accuracy": 0.68,
  "profit_prediction_accuracy": 0.49617359853266785,
  "risk_assessment_accuracy": 0.7066666666666667,
  "total_trades_learned": 725,
  "last_training_time": "2025-08-30T01:54:50.305394",
  "win_rate_improvement": 0.0
}