{
  "signal_accuracy": 0.67,
  "profit_prediction_accuracy": 0.48427843388767944,
  "risk_assessment_accuracy": 0.6266666666666667,
  "total_trades_learned": 350,
  "last_training_time": "2025-08-29T07:37:13.377938",
  "win_rate_improvement": 0.0
}