{
  "signal_accuracy": 0.6466666666666666,
  "profit_prediction_accuracy": 0.2181210777049739,
  "risk_assessment_accuracy": 0.46,
  "total_trades_learned": 875,
  "last_training_time": "2025-08-31T04:06:16.927493",
  "win_rate_improvement": 0.0
}