{
  "signal_accuracy": 0.6866666666666666,
  "profit_prediction_accuracy": 0.5862382425235693,
  "risk_assessment_accuracy": 0.7,
  "total_trades_learned": 825,
  "last_training_time": "2025-08-30T01:54:50.305394",
  "win_rate_improvement": 0.0
}