{
  "signal_accuracy": 0.7166666666666667,
  "profit_prediction_accuracy": 0.5898286723661955,
  "risk_assessment_accuracy": 0.67,
  "total_trades_learned": 775,
  "last_training_time": "2025-08-30T01:54:50.305394",
  "win_rate_improvement": 0.0
}