{
  "signal_accuracy": 0.6666666666666666,
  "profit_prediction_accuracy": 0.47622841672282246,
  "risk_assessment_accuracy": 0.62,
  "total_trades_learned": 375,
  "last_training_time": "2025-08-29T07:37:13.377938",
  "win_rate_improvement": 0.0
}