{
  "signal_accuracy": 0.6266666666666667,
  "profit_prediction_accuracy": 0.5577534693856285,
  "risk_assessment_accuracy": 0.5866666666666667,
  "total_trades_learned": 600,
  "last_training_time": "2025-08-29T07:37:13.377938",
  "win_rate_improvement": 0.0
}