{
  "best_time_sessions": {
    "mean": {
      "ASIA_MAIN": 0.9138075588319533,
      "LONDON_OPEN": -19.600551508742278,
      "TRANSITION": 2.728060282798582
    },
    "count": {
      "ASIA_MAIN": 132,
      "LONDON_OPEN": 53,
      "TRANSITION": 815
    },
    "std": {
      "ASIA_MAIN": 20.88150192667296,
      "LONDON_OPEN": 13.505170382790986,
      "TRANSITION": 14.174632385516924
    }
  },
  "symbol_performance": {
    "mean": {
      "1INCHUSDT": 6.2657282249544215,
      "ADAUSDT": 6.319772792298704,
      "ALPHAUSDT": 11.371467953135843,
      "AVAXUSDT": 13.433881402728005,
      "AXSUSDT": 8.903651931651586,
      "BCHUSDT": 10.894591976834553,
      "BNBUSDT": 11.182484607404366,
      "BTCUSDT": -10.899741588745858,
      "CAKEUSDT": -0.2685291157914907,
      "CHZUSDT": 10.55011303692514,
      "DOGEUSDT": -3.8566500960161663,
      "DOTUSDT": 16.875479417028853,
      "ETHUSDT": 2.4476869290894605,
      "FLOWUSDT": 7.6726844583987495,
      "GALAUSDT": -7.838712495072942,
      "GMTUSDT": 11.692312002787647,
      "IMXUSDT": -58.141641007064166,
      "LINKUSDT": 9.663818740599861,
      "LTCUSDT": 10.615881456382949,
      "MKRUSDT": -65.26383943023643,
      "SEIUSDT": 1.929911189311847,
      "SNXUSDT": -49.450549450549495,
      "SUIUSDT": 15.038473916732533,
      "SUSHIUSDT": 14.900871322136675,
      "THETAUSDT": 7.901620054771905,
      "WIFUSDT": 6.412448700410118,
      "XLMUSDT": -12.815589299109789,
      "XRPUSDT": -3.617754446321926
    },
    "count": {
      "1INCHUSDT": 41,
      "ADAUSDT": 38,
      "ALPHAUSDT": 12,
      "AVAXUSDT": 12,
      "AXSUSDT": 29,
      "BCHUSDT": 24,
      "BNBUSDT": 23,
      "BTCUSDT": 18,
      "CAKEUSDT": 95,
      "CHZUSDT": 12,
      "DOGEUSDT": 155,
      "DOTUSDT": 12,
      "ETHUSDT": 137,
      "FLOWUSDT": 24,
      "GALAUSDT": 17,
      "GMTUSDT": 27,
      "IMXUSDT": 5,
      "LINKUSDT": 30,
      "LTCUSDT": 24,
      "MKRUSDT": 6,
      "SEIUSDT": 53,
      "SNXUSDT": 5,
      "SUIUSDT": 12,
      "SUSHIUSDT": 12,
      "THETAUSDT": 38,
      "WIFUSDT": 8,
      "XLMUSDT": 47,
      "XRPUSDT": 84
    },
    "std": {
      "1INCHUSDT": 6.612500536978037,
      "ADAUSDT": 8.388673221059213,
      "ALPHAUSDT": 11.877110916343348,
      "AVAXUSDT": 14.0312315098424,
      "AXSUSDT": 10.165776310377908,
      "BCHUSDT": 11.142326792319452,
      "BNBUSDT": 10.960361899369685,
      "BTCUSDT": 31.990519536008506,
      "CAKEUSDT": 8.890666028199659,
      "CHZUSDT": 11.019233685213461,
      "DOGEUSDT": 15.512803792342634,
      "DOTUSDT": 17.625863400270052,
      "ETHUSDT": 6.808248630920871,
      "FLOWUSDT": 7.837758570947279,
      "GALAUSDT": 31.357851021008713,
      "GMTUSDT": 11.422783086482474,
      "IMXUSDT": 0.0,
      "LINKUSDT": 12.05089260357443,
      "LTCUSDT": 10.85478890123033,
      "MKRUSDT": 0.0,
      "SEIUSDT": 7.754639084388263,
      "SNXUSDT": 0.0,
      "SUIUSDT": 15.70717373145421,
      "SUSHIUSDT": 15.563452508730194,
      "THETAUSDT": 9.289514339233007,
      "WIFUSDT": 5.925681555129856,
      "XLMUSDT": 11.307178181092118,
      "XRPUSDT": 12.833907489637715
    }
  },
  "indicator_effectiveness": {
    "signal_strength": 0.2766562338827655,
    "rsi_value": NaN,
    "volume_ratio": NaN,
    "profit_loss": 1.0
  },
  "risk_patterns": {}
}