{
  "best_time_sessions": {
    "mean": {
      "TRANSITION": 0.4224919881960961
    },
    "count": {
      "TRANSITION": 821
    },
    "std": {
      "TRANSITION": 11.698669189386132
    }
  },
  "symbol_performance": {
    "mean": {
      "ALPHAUSDT": 2.2275022275022605,
      "ATOMUSDT": 3.41415830546302,
      "COMPUSDT": 4.8672825070157355,
      "DOGEUSDT": 2.561936936936999,
      "FLOWUSDT": -9.852216748768482,
      "GMTUSDT": 6.458688764318388,
      "LINKUSDT": 6.676628758590328,
      "MANAUSDT": -25.78028292535876,
      "REZUSDT": 4.703389830508371,
      "STRKUSDT": 9.347614410905448,
      "SUIUSDT": -11.835851384422224,
      "UNIUSDT": 2.236552374961049,
      "VETUSDT": 1.7525104332859418,
      "YFIUSDT": -0.11422117025934551
    },
    "count": {
      "ALPHAUSDT": 35,
      "ATOMUSDT": 78,
      "COMPUSDT": 56,
      "DOGEUSDT": 60,
      "FLOWUSDT": 15,
      "GMTUSDT": 54,
      "LINKUSDT": 79,
      "MANAUSDT": 73,
      "REZUSDT": 60,
      "STRKUSDT": 79,
      "SUIUSDT": 45,
      "UNIUSDT": 50,
      "VETUSDT": 78,
      "YFIUSDT": 59
    },
    "std": {
      "ALPHAUSDT": 7.622676733142301,
      "ATOMUSDT": 5.780467156310169,
      "COMPUSDT": 7.858853815902761,
      "DOGEUSDT": 6.43039102754562,
      "FLOWUSDT": 5.266231367732504,
      "GMTUSDT": 5.952794329746438,
      "LINKUSDT": 5.378790695904122,
      "MANAUSDT": 10.247486187096715,
      "REZUSDT": 5.931536466799423,
      "STRKUSDT": 5.798207401947154,
      "SUIUSDT": 8.935036602274035,
      "UNIUSDT": 8.540083678282517,
      "VETUSDT": 6.0224838449907585,
      "YFIUSDT": 5.491558691829448
    }
  },
  "indicator_effectiveness": {
    "signal_strength": NaN,
    "rsi_value": NaN,
    "volume_ratio": NaN,
    "profit_loss": 1.0
  },
  "risk_patterns": {}
}