{
  "best_time_sessions": {
    "mean": {
      "ASIA_MAIN": -0.2863353918442058
    },
    "count": {
      "ASIA_MAIN": 1000
    },
    "std": {
      "ASIA_MAIN": 5.6877986566957
    }
  },
  "symbol_performance": {
    "mean": {
      "1INCHUSDT": -4.306076519129716,
      "AAVEUSDT": -1.5987855689417305,
      "ADAUSDT": -1.1635712687403603,
      "ALGOUSDT": -2.818517001229149,
      "APTUSDT": 1.6881112383625048,
      "ARBUSDT": 4.7761194029851195,
      "ARKMUSDT": 3.5237357246514516,
      "ATOMUSDT": -0.5164273067087072,
      "AVAXUSDT": -4.0242606997224115,
      "BCHUSDT": 9.546302050963082,
      "BNBUSDT": 0.8658200423244046,
      "BOMEUSDT": -0.30164092664101894,
      "BTCUSDT": 4.334573565115622,
      "CAKEUSDT": 5.032762295729251,
      "CHZUSDT": -2.275410539873242,
      "COMPUSDT": -6.74226172234132,
      "CRVUSDT": 7.4411682634173655,
      "DOGEUSDT": -6.143465909090981,
      "DOTUSDT": -5.71249215317027,
      "ENJUSDT": -4.896343033736753,
      "ETCUSDT": -0.44058620367741114,
      "ETHUSDT": 0.6735631152203384,
      "FETUSDT": 0.5922165820646967,
      "FLOWUSDT": 3.074220465524816,
      "GALAUSDT": 0.8858516831181618,
      "GMTUSDT": -2.6647535103002884,
      "GRTUSDT": -8.672925822346528,
      "IMXUSDT": -3.467587265055782,
      "JUPUSDT": -5.042505571177311,
      "LINKUSDT": -0.10068465565864539,
      "LTCUSDT": -5.216491288597434,
      "METISUSDT": 4.907348242811378,
      "NOTUSDT": -3.3544255546234227,
      "OPUSDT": -4.134497742901919,
      "REZUSDT": 2.7870680044592917,
      "SEIUSDT": 9.232318710832471,
      "SNXUSDT": -6.47511129097532,
      "SOLUSDT": 1.6026342458696978,
      "STRKUSDT": 1.314924391847735,
      "SUIUSDT": -1.0551689634782424,
      "SUSHIUSDT": 1.298754007873613,
      "THETAUSDT": -0.5485845464266598,
      "TIAUSDT": 5.341631012576014,
      "TRXUSDT": -2.6507201474719633,
      "UNIUSDT": -3.156102933813945,
      "VETUSDT": -1.4543124849843487,
      "WIFUSDT": 6.470611803357684,
      "XLMUSDT": -1.5340784571551833,
      "XRPUSDT": -1.083067205838479,
      "YFIUSDT": 4.234484583829562
    },
    "count": {
      "1INCHUSDT": 25,
      "AAVEUSDT": 21,
      "ADAUSDT": 25,
      "ALGOUSDT": 25,
      "APTUSDT": 13,
      "ARBUSDT": 25,
      "ARKMUSDT": 21,
      "ATOMUSDT": 13,
      "AVAXUSDT": 25,
      "BCHUSDT": 25,
      "BNBUSDT": 22,
      "BOMEUSDT": 24,
      "BTCUSDT": 19,
      "CAKEUSDT": 24,
      "CHZUSDT": 22,
      "COMPUSDT": 13,
      "CRVUSDT": 13,
      "DOGEUSDT": 22,
      "DOTUSDT": 15,
      "ENJUSDT": 22,
      "ETCUSDT": 25,
      "ETHUSDT": 24,
      "FETUSDT": 15,
      "FLOWUSDT": 22,
      "GALAUSDT": 18,
      "GMTUSDT": 22,
      "GRTUSDT": 24,
      "IMXUSDT": 22,
      "JUPUSDT": 20,
      "LINKUSDT": 13,
      "LTCUSDT": 25,
      "METISUSDT": 25,
      "NOTUSDT": 13,
      "OPUSDT": 24,
      "REZUSDT": 24,
      "SEIUSDT": 16,
      "SNXUSDT": 14,
      "SOLUSDT": 13,
      "STRKUSDT": 18,
      "SUIUSDT": 24,
      "SUSHIUSDT": 9,
      "THETAUSDT": 17,
      "TIAUSDT": 15,
      "TRXUSDT": 13,
      "UNIUSDT": 25,
      "VETUSDT": 25,
      "WIFUSDT": 22,
      "XLMUSDT": 24,
      "XRPUSDT": 13,
      "YFIUSDT": 22
    },
    "std": {
      "1INCHUSDT": 3.8745117008108476,
      "AAVEUSDT": 3.970582784002518,
      "ADAUSDT": 1.8942977697024768,
      "ALGOUSDT": 2.6557958828116544,
      "APTUSDT": 2.3124617094285647,
      "ARBUSDT": 2.8918653765059124,
      "ARKMUSDT": 14.264306454717689,
      "ATOMUSDT": 1.0275278393111626,
      "AVAXUSDT": 2.0089576503070683,
      "BCHUSDT": 2.8383753616875986,
      "BNBUSDT": 1.0805583960199598,
      "BOMEUSDT": 2.0907380664799984,
      "BTCUSDT": 2.337727983237206,
      "CAKEUSDT": 1.596866686992755,
      "CHZUSDT": 2.2513874598479906,
      "COMPUSDT": 2.518147371213549,
      "CRVUSDT": 4.679167700347502,
      "DOGEUSDT": 3.1273749768465713,
      "DOTUSDT": 1.8282440062059915,
      "ENJUSDT": 1.2956562345075988,
      "ETCUSDT": 1.9212352236409513,
      "ETHUSDT": 2.2511943996249606,
      "FETUSDT": 1.6743167887904211,
      "FLOWUSDT": 6.244782500496713,
      "GALAUSDT": 2.72217151385781,
      "GMTUSDT": 1.4590108777378425,
      "GRTUSDT": 3.37666912756313,
      "IMXUSDT": 7.527164372700168,
      "JUPUSDT": 6.245625320073981,
      "LINKUSDT": 3.0202206433640737,
      "LTCUSDT": 1.4512142192488033,
      "METISUSDT": 5.990507631521767,
      "NOTUSDT": 1.8777620087837525,
      "OPUSDT": 2.545227602687429,
      "REZUSDT": 6.289254649143051,
      "SEIUSDT": 4.182783683781298,
      "SNXUSDT": 3.756337360520094,
      "SOLUSDT": 0.8836092272129336,
      "STRKUSDT": 3.0817090115543713,
      "SUIUSDT": 2.080727511577939,
      "SUSHIUSDT": 6.06839683154863,
      "THETAUSDT": 2.0708390955834575,
      "TIAUSDT": 1.1572520822290462,
      "TRXUSDT": 1.09162624031874,
      "UNIUSDT": 3.2090013904702173,
      "VETUSDT": 2.735333722346357,
      "WIFUSDT": 3.7480230378370085,
      "XLMUSDT": 3.771858339426537,
      "XRPUSDT": 0.664818826387906,
      "YFIUSDT": 3.5699862922923997
    }
  },
  "indicator_effectiveness": {
    "signal_strength": -0.02594799359763075,
    "rsi_value": NaN,
    "volume_ratio": NaN,
    "profit_loss": 1.0
  },
  "risk_patterns": {}
}