{
  "best_time_sessions": {
    "mean": {
      "ASIA_MAIN": -1.0436826143425928
    },
    "count": {
      "ASIA_MAIN": 1000
    },
    "std": {
      "ASIA_MAIN": 9.333640383376501
    }
  },
  "symbol_performance": {
    "mean": {
      "1INCHUSDT": -7.137530627463319,
      "AAVEUSDT": -8.989434219495337,
      "ADAUSDT": -6.69421487603295,
      "ALGOUSDT": -7.998919064991236,
      "ALPHAUSDT": -5.7791537667700315,
      "APTUSDT": 5.394679188339223,
      "ARBUSDT": 4.814137964944265,
      "ARKMUSDT": -0.46562160484245313,
      "ATOMUSDT": 3.805358394317085,
      "AVAXUSDT": -13.250468244508557,
      "AXSUSDT": -3.1660231660230234,
      "BNBUSDT": -1.8761022927690325,
      "BOMEUSDT": 1.653303016674648,
      "BTCUSDT": -0.5510081382887096,
      "CAKEUSDT": 6.229853534367475,
      "CHZUSDT": -1.7556179775281402,
      "COMPUSDT": -10.129927328782026,
      "CRVUSDT": 0.0,
      "DOGEUSDT": 2.9062595897542156,
      "DOTUSDT": -4.8120300751882406,
      "ENJUSDT": -12.295246105170369,
      "EOSUSDT": 0.0,
      "ETCUSDT": 4.067796468194936,
      "ETHUSDT": 4.98320799320746,
      "FETUSDT": 3.0963686500911067,
      "FLOWUSDT": 3.0975776301261093,
      "GALAUSDT": -3.1587779506719555,
      "GMTUSDT": -13.70608768053267,
      "GRTUSDT": 5.211876655172407,
      "IMXUSDT": 2.311715395764352,
      "JUPUSDT": -18.075414781297066,
      "LINKUSDT": 0.42323450192394874,
      "LTCUSDT": -5.77823455521304,
      "MANAUSDT": -5.067715159458449,
      "MATICUSDT": 0.0,
      "METISUSDT": 0.7312215745041901,
      "MKRUSDT": 0.0,
      "NOTUSDT": -6.663376110562675,
      "OPUSDT": -3.8837384114257527,
      "REZUSDT": -12.54746084480299,
      "SANDUSDT": 4.177841721604851,
      "SEIUSDT": 4.7030622144570495,
      "SNXUSDT": -17.25521669341896,
      "SOLUSDT": 8.54075049747033,
      "STRKUSDT": -10.860484544695266,
      "SUIUSDT": 3.303433940761632,
      "SUSHIUSDT": -11.140936891353796,
      "THETAUSDT": -10.758669665049077,
      "TIAUSDT": 5.200384528808945,
      "TRXUSDT": 1.834839389647984,
      "UNIUSDT": -0.21092874563337358,
      "VETUSDT": -4.135846655531888,
      "WIFUSDT": 4.568181000683465,
      "WLDUSDT": 4.970136518771399,
      "XLMUSDT": -4.676689847507169,
      "XRPUSDT": 12.16295908003814,
      "YFIUSDT": 4.953508189815537
    },
    "count": {
      "1INCHUSDT": 14,
      "AAVEUSDT": 15,
      "ADAUSDT": 14,
      "ALGOUSDT": 15,
      "ALPHAUSDT": 15,
      "APTUSDT": 23,
      "ARBUSDT": 19,
      "ARKMUSDT": 13,
      "ATOMUSDT": 22,
      "AVAXUSDT": 15,
      "AXSUSDT": 15,
      "BNBUSDT": 15,
      "BOMEUSDT": 31,
      "BTCUSDT": 35,
      "CAKEUSDT": 22,
      "CHZUSDT": 15,
      "COMPUSDT": 14,
      "CRVUSDT": 4,
      "DOGEUSDT": 19,
      "DOTUSDT": 14,
      "ENJUSDT": 14,
      "EOSUSDT": 16,
      "ETCUSDT": 21,
      "ETHUSDT": 37,
      "FETUSDT": 22,
      "FLOWUSDT": 19,
      "GALAUSDT": 19,
      "GMTUSDT": 14,
      "GRTUSDT": 21,
      "IMXUSDT": 23,
      "JUPUSDT": 15,
      "LINKUSDT": 24,
      "LTCUSDT": 15,
      "MANAUSDT": 14,
      "MATICUSDT": 10,
      "METISUSDT": 21,
      "MKRUSDT": 10,
      "NOTUSDT": 14,
      "OPUSDT": 15,
      "REZUSDT": 14,
      "SANDUSDT": 21,
      "SEIUSDT": 22,
      "SNXUSDT": 14,
      "SOLUSDT": 23,
      "STRKUSDT": 14,
      "SUIUSDT": 21,
      "SUSHIUSDT": 16,
      "THETAUSDT": 15,
      "TIAUSDT": 25,
      "TRXUSDT": 29,
      "UNIUSDT": 15,
      "VETUSDT": 14,
      "WIFUSDT": 18,
      "WLDUSDT": 10,
      "XLMUSDT": 14,
      "XRPUSDT": 8,
      "YFIUSDT": 14
    },
    "std": {
      "1INCHUSDT": 4.969911789819565,
      "AAVEUSDT": 5.719321509330963,
      "ADAUSDT": 4.79481312540829,
      "ALGOUSDT": 5.107754931600307,
      "ALPHAUSDT": 5.821123481293082,
      "APTUSDT": 6.436958750149878,
      "ARBUSDT": 5.110656040008837,
      "ARKMUSDT": 1.6680261726063248,
      "ATOMUSDT": 9.299182444965139,
      "AVAXUSDT": 11.68101391164913,
      "AXSUSDT": 3.752473538246997,
      "BNBUSDT": 1.423794860437249,
      "BOMEUSDT": 10.30923293547358,
      "BTCUSDT": 2.5359294965848256,
      "CAKEUSDT": 6.673371919590623,
      "CHZUSDT": 1.4718499950963821,
      "COMPUSDT": 6.724006612510486,
      "CRVUSDT": 0.0,
      "DOGEUSDT": 3.265175819670906,
      "DOTUSDT": 3.520704598772296,
      "ENJUSDT": 8.1147161817392,
      "EOSUSDT": 0.0,
      "ETCUSDT": 6.0018161097827765,
      "ETHUSDT": 11.444539034272259,
      "FETUSDT": 7.49057801904937,
      "FLOWUSDT": 8.03450838272776,
      "GALAUSDT": 8.300276618969864,
      "GMTUSDT": 9.092819966607598,
      "GRTUSDT": 9.079163495878571,
      "IMXUSDT": 7.139528664125517,
      "JUPUSDT": 11.773427559560004,
      "LINKUSDT": 2.373778318901166,
      "LTCUSDT": 3.7836583550288316,
      "MANAUSDT": 4.123365300630677,
      "MATICUSDT": 0.0,
      "METISUSDT": 6.61888014916375,
      "MKRUSDT": 0.0,
      "NOTUSDT": 5.3704192728953,
      "OPUSDT": 3.390555949122525,
      "REZUSDT": 8.371161519758878,
      "SANDUSDT": 7.418591650857287,
      "SEIUSDT": 5.815126237215678,
      "SNXUSDT": 11.96110431534608,
      "SOLUSDT": 9.436565754680851,
      "STRKUSDT": 7.557966931682751,
      "SUIUSDT": 6.1957094406187565,
      "SUSHIUSDT": 8.989866007059936,
      "THETAUSDT": 6.868659397161912,
      "TIAUSDT": 6.763004178616379,
      "TRXUSDT": 4.552604144191896,
      "UNIUSDT": 1.5880744974077508,
      "VETUSDT": 3.029104059814435,
      "WIFUSDT": 5.013827735219279,
      "WLDUSDT": 5.506783383517986,
      "XLMUSDT": 4.339079744126133,
      "XRPUSDT": 13.00275019624397,
      "YFIUSDT": 8.45033866859402
    }
  },
  "indicator_effectiveness": {
    "signal_strength": -0.07093074021106723,
    "rsi_value": NaN,
    "volume_ratio": NaN,
    "profit_loss": 1.0
  },
  "risk_patterns": {}
}