{
  "best_time_sessions": {
    "mean": {
      "ASIA_MAIN": -5.943723465539308
    },
    "count": {
      "ASIA_MAIN": 1000
    },
    "std": {
      "ASIA_MAIN": 11.736280092491539
    }
  },
  "symbol_performance": {
    "mean": {
      "1INCHUSDT": -7.808044918190861,
      "AAVEUSDT": -17.765848670756355,
      "ADAUSDT": -15.55785123966936,
      "ALGOUSDT": -16.394180966536098,
      "ALPHAUSDT": -6.2457935119130426,
      "APTUSDT": 1.6766610511045148,
      "ARBUSDT": 0.15179279947426683,
      "ATOMUSDT": 1.6383889334708879,
      "AVAXUSDT": -12.230759407457596,
      "AXSUSDT": -10.521235521235349,
      "BCHUSDT": 3.765937234379477,
      "BNBUSDT": 4.878920221890197,
      "BOMEUSDT": 1.9338339969858236,
      "BTCUSDT": 6.711862433317096,
      "CAKEUSDT": 4.025644537993586,
      "CHZUSDT": -7.315074906367089,
      "COMPUSDT": -13.398393583606378,
      "CRVUSDT": -15.505967730052324,
      "DOGEUSDT": -21.771782460137047,
      "DOTUSDT": -6.432748538012078,
      "ENJUSDT": -19.78008285829983,
      "EOSUSDT": 0.0,
      "ETCUSDT": 0.6827860116506211,
      "ETHUSDT": 5.573880633756341,
      "FETUSDT": -1.6051313155660603,
      "FLOWUSDT": -7.532051282051288,
      "GALAUSDT": -2.690312301017677,
      "GMTUSDT": -17.833569951928858,
      "GRTUSDT": -0.25049977836914317,
      "IMXUSDT": -6.132741040303726,
      "JUPUSDT": -16.240230357877387,
      "LINKUSDT": 3.5840469926698897,
      "LTCUSDT": -12.028472460127258,
      "METISUSDT": -11.918958335012142,
      "NOTUSDT": -4.708785784797678,
      "OPUSDT": -6.702580806815431,
      "REZUSDT": -10.278239202657929,
      "SANDUSDT": 0.13917283387745438,
      "SEIUSDT": 3.4007492354903968,
      "SNXUSDT": -17.556179775280913,
      "SOLUSDT": 13.538498476874715,
      "STRKUSDT": -15.89912280701777,
      "SUIUSDT": 1.8648688617675238,
      "SUSHIUSDT": -21.980421686746777,
      "THETAUSDT": -19.074002840572746,
      "TIAUSDT": -2.5173719286687737,
      "TRXUSDT": 3.641159436910682,
      "UNIUSDT": -9.608114552920576,
      "VETUSDT": -6.866565921684307,
      "WIFUSDT": -2.9826706491066295,
      "XLMUSDT": -11.653109748467175,
      "XRPUSDT": -9.701832944009988,
      "YFIUSDT": 14.843087362171332
    },
    "count": {
      "1INCHUSDT": 17,
      "AAVEUSDT": 19,
      "ADAUSDT": 16,
      "ALGOUSDT": 18,
      "ALPHAUSDT": 23,
      "APTUSDT": 17,
      "ARBUSDT": 15,
      "ATOMUSDT": 12,
      "AVAXUSDT": 16,
      "AXSUSDT": 24,
      "BCHUSDT": 25,
      "BNBUSDT": 34,
      "BOMEUSDT": 17,
      "BTCUSDT": 29,
      "CAKEUSDT": 27,
      "CHZUSDT": 18,
      "COMPUSDT": 19,
      "CRVUSDT": 7,
      "DOGEUSDT": 16,
      "DOTUSDT": 18,
      "ENJUSDT": 18,
      "EOSUSDT": 38,
      "ETCUSDT": 17,
      "ETHUSDT": 15,
      "FETUSDT": 18,
      "FLOWUSDT": 11,
      "GALAUSDT": 9,
      "GMTUSDT": 18,
      "GRTUSDT": 29,
      "IMXUSDT": 31,
      "JUPUSDT": 22,
      "LINKUSDT": 17,
      "LTCUSDT": 18,
      "METISUSDT": 20,
      "NOTUSDT": 25,
      "OPUSDT": 24,
      "REZUSDT": 24,
      "SANDUSDT": 15,
      "SEIUSDT": 16,
      "SNXUSDT": 16,
      "SOLUSDT": 11,
      "STRKUSDT": 16,
      "SUIUSDT": 13,
      "SUSHIUSDT": 24,
      "THETAUSDT": 16,
      "TIAUSDT": 20,
      "TRXUSDT": 18,
      "UNIUSDT": 17,
      "VETUSDT": 18,
      "WIFUSDT": 17,
      "XLMUSDT": 20,
      "XRPUSDT": 19,
      "YFIUSDT": 3
    },
    "std": {
      "1INCHUSDT": 3.230294388606303,
      "AAVEUSDT": 6.012593806921757,
      "ADAUSDT": 6.075476372667387,
      "ALGOUSDT": 5.695687082428249,
      "ALPHAUSDT": 5.11253841775511,
      "APTUSDT": 7.862176729242528,
      "ARBUSDT": 9.91567427565028,
      "ATOMUSDT": 11.303671787416507,
      "AVAXUSDT": 4.471011187464385,
      "AXSUSDT": 4.359687177851799,
      "BCHUSDT": 3.7533478687114217,
      "BNBUSDT": 4.414350241846118,
      "BOMEUSDT": 9.738531923168,
      "BTCUSDT": 3.8298606455521402,
      "CAKEUSDT": 11.136187420856325,
      "CHZUSDT": 3.417558197758606,
      "COMPUSDT": 3.8348638503457897,
      "CRVUSDT": 26.701779203613764,
      "DOGEUSDT": 7.565069650028636,
      "DOTUSDT": 3.0183597428220184,
      "ENJUSDT": 6.129467057886267,
      "EOSUSDT": 0.0,
      "ETCUSDT": 10.178545500180478,
      "ETHUSDT": 10.990657426246408,
      "FETUSDT": 10.100651293177773,
      "FLOWUSDT": 17.34468481519935,
      "GALAUSDT": 17.00173230550729,
      "GMTUSDT": 5.396538918110361,
      "GRTUSDT": 15.95005132861492,
      "IMXUSDT": 12.403730706596798,
      "JUPUSDT": 9.372763542273146,
      "LINKUSDT": 5.992102161073745,
      "LTCUSDT": 4.850394665584306,
      "METISUSDT": 13.47345917599401,
      "NOTUSDT": 5.817483103819388,
      "OPUSDT": 4.006295850705231,
      "REZUSDT": 5.75334424035472,
      "SANDUSDT": 10.216609779797146,
      "SEIUSDT": 5.724321676960301,
      "SNXUSDT": 7.069133366358385,
      "SOLUSDT": 10.094813966827344,
      "STRKUSDT": 6.6650206579188715,
      "SUIUSDT": 7.780742623870793,
      "SUSHIUSDT": 8.476456051942591,
      "THETAUSDT": 6.483004937555261,
      "TIAUSDT": 11.37375396388775,
      "TRXUSDT": 1.9519147426091552,
      "UNIUSDT": 7.641745218390429,
      "VETUSDT": 2.8045847649916973,
      "WIFUSDT": 6.571223759792726,
      "XLMUSDT": 4.585252639461272,
      "XRPUSDT": 14.472838958135299,
      "YFIUSDT": 5.141796290492851
    }
  },
  "indicator_effectiveness": {
    "signal_strength": -0.060593076202820735,
    "rsi_value": NaN,
    "volume_ratio": NaN,
    "profit_loss": 1.0
  },
  "risk_patterns": {}
}