{
  "best_time_sessions": {
    "mean": {
      "NY_CLOSE": -10.283328936132065,
      "NY_MAIN": -0.036201877534396326
    },
    "count": {
      "NY_CLOSE": 804,
      "NY_MAIN": 196
    },
    "std": {
      "NY_CLOSE": 13.285759128070376,
      "NY_MAIN": 21.48453068578494
    }
  },
  "symbol_performance": {
    "mean": {
      "1INCHUSDT": -15.579357351509373,
      "AAVEUSDT": -10.866153662997617,
      "ADAUSDT": -2.337276011049077,
      "ALGOUSDT": -19.38461538461534,
      "ALPHAUSDT": -3.8260932826418657,
      "APTUSDT": -8.961681087762473,
      "ARBUSDT": -9.4483812699736,
      "ARKMUSDT": -5.899828101637423,
      "ATOMUSDT": -11.024345429490133,
      "AVAXUSDT": -5.747382639557998,
      "AXSUSDT": -4.12291552866796,
      "BCHUSDT": -9.758816425711217,
      "BNBUSDT": -6.840855106888395,
      "BOMEUSDT": -16.5555442980448,
      "BTCUSDT": 9.975548914770128,
      "CAKEUSDT": -13.95052434160226,
      "CHZUSDT": -3.2291699624623913,
      "COMPUSDT": -13.77726750861084,
      "CRVUSDT": -10.532614547412237,
      "DOGEUSDT": -5.1994765635440485,
      "DOTUSDT": -5.604131069551803,
      "ENJUSDT": -4.623101082108117,
      "EOSUSDT": 0.0,
      "ETCUSDT": -14.192903548225715,
      "ETHUSDT": 9.205817249012185,
      "FETUSDT": -3.235387011684276,
      "FLOWUSDT": -24.134871339840302,
      "GALAUSDT": -10.692616344652135,
      "GMTUSDT": -13.467168548724679,
      "GRTUSDT": -3.748571878438815,
      "IMXUSDT": -16.479074684410083,
      "JUPUSDT": -13.686690984215003,
      "LINKUSDT": -5.407368699825502,
      "LTCUSDT": -14.596549617832078,
      "MANAUSDT": -21.789576137402236,
      "METISUSDT": -6.061872909699163,
      "MKRUSDT": -16.556393767004828,
      "NOTUSDT": -3.6469044982334435,
      "OPUSDT": -20.31680420305656,
      "REZUSDT": 6.886330806517477,
      "SANDUSDT": -3.5169956021287034,
      "SEIUSDT": -4.436738714737409,
      "SNXUSDT": -4.635390617413449,
      "SOLUSDT": -16.695508858673254,
      "STRKUSDT": -4.861720669672063,
      "SUIUSDT": -14.281879449724588,
      "SUSHIUSDT": -10.937967801201085,
      "THETAUSDT": -4.484674169531846,
      "TIAUSDT": -6.381126271863915,
      "TRXUSDT": -2.1481557549258907,
      "UNIUSDT": -15.202428737739686,
      "VETUSDT": -4.155159156031768,
      "WIFUSDT": -5.301959714548239,
      "WLDUSDT": -8.660477048221045,
      "XLMUSDT": -14.669102764679737,
      "XRPUSDT": -2.2704824809179347,
      "YFIUSDT": -8.691181563966929
    },
    "count": {
      "1INCHUSDT": 13,
      "AAVEUSDT": 12,
      "ADAUSDT": 14,
      "ALGOUSDT": 13,
      "ALPHAUSDT": 22,
      "APTUSDT": 12,
      "ARBUSDT": 12,
      "ARKMUSDT": 17,
      "ATOMUSDT": 12,
      "AVAXUSDT": 25,
      "AXSUSDT": 21,
      "BCHUSDT": 14,
      "BNBUSDT": 12,
      "BOMEUSDT": 20,
      "BTCUSDT": 9,
      "CAKEUSDT": 23,
      "CHZUSDT": 16,
      "COMPUSDT": 13,
      "CRVUSDT": 16,
      "DOGEUSDT": 21,
      "DOTUSDT": 22,
      "ENJUSDT": 26,
      "EOSUSDT": 12,
      "ETCUSDT": 12,
      "ETHUSDT": 9,
      "FETUSDT": 22,
      "FLOWUSDT": 23,
      "GALAUSDT": 17,
      "GMTUSDT": 12,
      "GRTUSDT": 21,
      "IMXUSDT": 13,
      "JUPUSDT": 13,
      "LINKUSDT": 17,
      "LTCUSDT": 20,
      "MANAUSDT": 22,
      "METISUSDT": 13,
      "MKRUSDT": 13,
      "NOTUSDT": 21,
      "OPUSDT": 21,
      "REZUSDT": 23,
      "SANDUSDT": 17,
      "SEIUSDT": 23,
      "SNXUSDT": 21,
      "SOLUSDT": 12,
      "STRKUSDT": 23,
      "SUIUSDT": 13,
      "SUSHIUSDT": 18,
      "THETAUSDT": 21,
      "TIAUSDT": 16,
      "TRXUSDT": 29,
      "UNIUSDT": 21,
      "VETUSDT": 17,
      "WIFUSDT": 22,
      "WLDUSDT": 21,
      "XLMUSDT": 13,
      "XRPUSDT": 23,
      "YFIUSDT": 21
    },
    "std": {
      "1INCHUSDT": 10.919580059453784,
      "AAVEUSDT": 8.445071196009142,
      "ADAUSDT": 2.3691697411935406,
      "ALGOUSDT": 13.59864246618301,
      "ALPHAUSDT": 20.15966742440641,
      "APTUSDT": 6.747884583596309,
      "ARBUSDT": 7.975285689416526,
      "ARKMUSDT": 19.159923213655702,
      "ATOMUSDT": 8.337566731016553,
      "AVAXUSDT": 8.979098845926842,
      "AXSUSDT": 17.70579292224376,
      "BCHUSDT": 7.593962922656769,
      "BNBUSDT": 5.107395534567421,
      "BOMEUSDT": 9.477210099307165,
      "BTCUSDT": 1.343292922405008,
      "CAKEUSDT": 7.640574857034685,
      "CHZUSDT": 16.675005683866047,
      "COMPUSDT": 9.616301770505563,
      "CRVUSDT": 26.776135663407597,
      "DOGEUSDT": 16.91984659785827,
      "DOTUSDT": 18.47264665075598,
      "ENJUSDT": 15.938758904262874,
      "EOSUSDT": 0.0,
      "ETCUSDT": 10.55777851937816,
      "ETHUSDT": 10.916756336303983,
      "FETUSDT": 17.26349649657766,
      "FLOWUSDT": 23.350527231725692,
      "GALAUSDT": 21.750208377685087,
      "GMTUSDT": 10.123581755200096,
      "GRTUSDT": 17.350686265935106,
      "IMXUSDT": 11.689519651278443,
      "JUPUSDT": 9.632733988428726,
      "LINKUSDT": 16.903607585022236,
      "LTCUSDT": 7.544887652280705,
      "MANAUSDT": 22.230705984593595,
      "METISUSDT": 5.563892832026088,
      "MKRUSDT": 13.679045109131726,
      "NOTUSDT": 16.032366876052155,
      "OPUSDT": 11.337872136188889,
      "REZUSDT": 8.8839474836824,
      "SANDUSDT": 17.126860175392764,
      "SEIUSDT": 17.576503103360253,
      "SNXUSDT": 18.491949134858544,
      "SOLUSDT": 12.45382042507261,
      "STRKUSDT": 19.12110690594348,
      "SUIUSDT": 10.036010448864292,
      "SUSHIUSDT": 23.871454500160954,
      "THETAUSDT": 16.728707938340527,
      "TIAUSDT": 18.555625372451914,
      "TRXUSDT": 3.3983459963694176,
      "UNIUSDT": 8.09331274289587,
      "VETUSDT": 16.300093701930397,
      "WIFUSDT": 19.843838910998276,
      "WLDUSDT": 6.385462263723462,
      "XLMUSDT": 10.302174068300056,
      "XRPUSDT": 9.131827695567221,
      "YFIUSDT": 7.495292356115729
    }
  },
  "indicator_effectiveness": {
    "signal_strength": 0.19829844258568177,
    "rsi_value": NaN,
    "volume_ratio": NaN,
    "profit_loss": 1.0
  },
  "risk_patterns": {}
}