{
  "best_time_sessions": {
    "mean": {
      "ASIA_MAIN": 2.4591220831928173,
      "LONDON_MAIN": 8.626854744156944,
      "LONDON_OPEN": -1.1089291836398953,
      "TRANSITION": -2.771254732382394
    },
    "count": {
      "ASIA_MAIN": 339,
      "LONDON_MAIN": 106,
      "LONDON_OPEN": 369,
      "TRANSITION": 186
    },
    "std": {
      "ASIA_MAIN": 11.485937780939553,
      "LONDON_MAIN": 43.43057564490337,
      "LONDON_OPEN": 4.84759333297745,
      "TRANSITION": 7.301064718653318
    }
  },
  "symbol_performance": {
    "mean": {
      "1INCHUSDT": 0.0,
      "AAVEUSDT": -2.2635560783135857,
      "ADAUSDT": 0.0,
      "ALGOUSDT": 0.0,
      "ALPHAUSDT": -9.151314526962246,
      "APTUSDT": 0.0,
      "ARBUSDT": 0.0,
      "ARKMUSDT": 1.904359858027062,
      "ATOMUSDT": 0.0,
      "AVAXUSDT": -9.703966844286619,
      "AXSUSDT": -2.110065583119547,
      "BCHUSDT": 0.0,
      "BNBUSDT": -1.3393613058349558,
      "BOMEUSDT": 0.0,
      "BTCUSDT": 0.0,
      "CAKEUSDT": -1.9573953806147297,
      "CHZUSDT": 1.9271493402619233,
      "COMPUSDT": -1.0092622391678354,
      "CRVUSDT": 0.0,
      "DOGEUSDT": -27.060359837492626,
      "DOTUSDT": 0.0,
      "EOSUSDT": 0.0,
      "ETCUSDT": 5.038405962430513,
      "FETUSDT": 0.0,
      "FLOWUSDT": 4.25767555729501,
      "GALAUSDT": -6.404999023628587,
      "GMTUSDT": 0.0,
      "GRTUSDT": 11.11503175723369,
      "IMXUSDT": -3.4853239800629066,
      "JUPUSDT": 0.0,
      "LINKUSDT": -0.06836892960540676,
      "MANAUSDT": 1.7919368415483832,
      "MATICUSDT": 0.0,
      "METISUSDT": 7.148452800626544,
      "MKRUSDT": 0.0,
      "NOTUSDT": 0.0,
      "REZUSDT": 2.959974256788389,
      "SANDUSDT": 0.0,
      "SEIUSDT": 0.0,
      "SNXUSDT": 2.6029562145579646,
      "STRKUSDT": -2.679938744257326,
      "SUIUSDT": 0.0,
      "SUSHIUSDT": -0.4069621838217475,
      "THETAUSDT": 0.0,
      "TIAUSDT": 100.46677039342055,
      "TRXUSDT": 0.5519374312307478,
      "UNIUSDT": 4.601647097492837,
      "VETUSDT": 0.03394597740169712,
      "WIFUSDT": -1.7852444845342201,
      "WLDUSDT": 6.273290263900596,
      "XLMUSDT": 0.0,
      "XRPUSDT": 0.0,
      "YFIUSDT": 5.286220399030394
    },
    "count": {
      "1INCHUSDT": 6,
      "AAVEUSDT": 40,
      "ADAUSDT": 5,
      "ALGOUSDT": 6,
      "ALPHAUSDT": 27,
      "APTUSDT": 7,
      "ARBUSDT": 6,
      "ARKMUSDT": 22,
      "ATOMUSDT": 8,
      "AVAXUSDT": 25,
      "AXSUSDT": 28,
      "BCHUSDT": 5,
      "BNBUSDT": 30,
      "BOMEUSDT": 5,
      "BTCUSDT": 8,
      "CAKEUSDT": 39,
      "CHZUSDT": 33,
      "COMPUSDT": 38,
      "CRVUSDT": 5,
      "DOGEUSDT": 12,
      "DOTUSDT": 6,
      "EOSUSDT": 27,
      "ETCUSDT": 18,
      "FETUSDT": 11,
      "FLOWUSDT": 29,
      "GALAUSDT": 15,
      "GMTUSDT": 7,
      "GRTUSDT": 12,
      "IMXUSDT": 25,
      "JUPUSDT": 7,
      "LINKUSDT": 44,
      "MANAUSDT": 40,
      "MATICUSDT": 26,
      "METISUSDT": 23,
      "MKRUSDT": 29,
      "NOTUSDT": 11,
      "REZUSDT": 25,
      "SANDUSDT": 2,
      "SEIUSDT": 8,
      "SNXUSDT": 31,
      "STRKUSDT": 30,
      "SUIUSDT": 5,
      "SUSHIUSDT": 28,
      "THETAUSDT": 7,
      "TIAUSDT": 10,
      "TRXUSDT": 25,
      "UNIUSDT": 23,
      "VETUSDT": 34,
      "WIFUSDT": 24,
      "WLDUSDT": 30,
      "XLMUSDT": 6,
      "XRPUSDT": 7,
      "YFIUSDT": 20
    },
    "std": {
      "1INCHUSDT": 0.0,
      "AAVEUSDT": 4.1690063922747305,
      "ADAUSDT": 0.0,
      "ALGOUSDT": 0.0,
      "ALPHAUSDT": 10.770588250855749,
      "APTUSDT": 0.0,
      "ARBUSDT": 0.0,
      "ARKMUSDT": 18.12560633661769,
      "ATOMUSDT": 0.0,
      "AVAXUSDT": 9.170169550338935,
      "AXSUSDT": 2.680915269108216,
      "BCHUSDT": 0.0,
      "BNBUSDT": 1.6023923361872947,
      "BOMEUSDT": 0.0,
      "BTCUSDT": 0.0,
      "CAKEUSDT": 4.366763612778406,
      "CHZUSDT": 8.917613807466449,
      "COMPUSDT": 3.8528590682375916,
      "CRVUSDT": 0.0,
      "DOGEUSDT": 28.26362405897055,
      "DOTUSDT": 0.0,
      "EOSUSDT": 0.0,
      "ETCUSDT": 8.359717914103639,
      "FETUSDT": 0.0,
      "FLOWUSDT": 7.691167280621054,
      "GALAUSDT": 3.806025600949372,
      "GMTUSDT": 0.0,
      "GRTUSDT": 11.60927204503429,
      "IMXUSDT": 4.147199699885459,
      "JUPUSDT": 0.0,
      "LINKUSDT": 2.101138447745364,
      "MANAUSDT": 3.9450456566122774,
      "MATICUSDT": 0.0,
      "METISUSDT": 5.417854126560743,
      "MKRUSDT": 0.0,
      "NOTUSDT": 0.0,
      "REZUSDT": 9.468490037132312,
      "SANDUSDT": 0.0,
      "SEIUSDT": 0.0,
      "SNXUSDT": 3.273555240617091,
      "STRKUSDT": 4.451135979909434,
      "SUIUSDT": 0.0,
      "SUSHIUSDT": 2.645592056363564,
      "THETAUSDT": 0.0,
      "TIAUSDT": 105.90127453479325,
      "TRXUSDT": 0.6246208873429597,
      "UNIUSDT": 7.919809264546391,
      "VETUSDT": 2.3857374732285597,
      "WIFUSDT": 4.812665892850757,
      "WLDUSDT": 19.259407798265013,
      "XLMUSDT": 0.0,
      "XRPUSDT": 0.0,
      "YFIUSDT": 8.284605947280212
    }
  },
  "indicator_effectiveness": {
    "signal_strength": -0.07905901654909539,
    "rsi_value": NaN,
    "volume_ratio": NaN,
    "profit_loss": 1.0
  },
  "risk_patterns": {}
}