{
  "best_time_sessions": {
    "mean": {
      "ASIA_MAIN": -1.5123506970573475,
      "LONDON_MAIN": 3.800560738050156
    },
    "count": {
      "ASIA_MAIN": 795,
      "LONDON_MAIN": 205
    },
    "std": {
      "ASIA_MAIN": 10.990945640840536,
      "LONDON_MAIN": 32.014486167760914
    }
  },
  "symbol_performance": {
    "mean": {
      "1INCHUSDT": 0.0,
      "AAVEUSDT": 0.0,
      "ADAUSDT": 0.0,
      "ALGOUSDT": 0.0,
      "ALPHAUSDT": 0.0,
      "APTUSDT": 0.0,
      "ARBUSDT": 0.0,
      "ARKMUSDT": -4.618209507684781,
      "ATOMUSDT": 0.0,
      "AVAXUSDT": 0.0,
      "AXSUSDT": 0.0,
      "BCHUSDT": 0.0,
      "BNBUSDT": -7.903351000313467,
      "BOMEUSDT": 0.0,
      "BTCUSDT": 0.0,
      "CAKEUSDT": 0.0,
      "CHZUSDT": 9.40400371949404,
      "COMPUSDT": 0.0,
      "CRVUSDT": 0.0,
      "DOGEUSDT": -27.060359837492626,
      "DOTUSDT": -4.9734171097148465,
      "EOSUSDT": 0.0,
      "ETCUSDT": 6.363221537759415,
      "FETUSDT": 0.0,
      "FLOWUSDT": 5.775577557755781,
      "GMTUSDT": 0.0,
      "GRTUSDT": 11.11503175723369,
      "IMXUSDT": 0.0,
      "JUPUSDT": 0.0,
      "LINKUSDT": 0.0,
      "MATICUSDT": 0.0,
      "METISUSDT": 0.0,
      "MKRUSDT": 0.0,
      "NOTUSDT": 0.0,
      "REZUSDT": 4.94093593820987,
      "SANDUSDT": 0.0,
      "SEIUSDT": 0.0,
      "SNXUSDT": 0.0,
      "STRKUSDT": 0.0,
      "SUIUSDT": 0.0,
      "SUSHIUSDT": 0.0,
      "THETAUSDT": 0.0,
      "TIAUSDT": 100.46677039342055,
      "TRXUSDT": 0.06569930278318341,
      "UNIUSDT": 4.409911801763968,
      "VETUSDT": -12.789508299712177,
      "WIFUSDT": 0.0,
      "WLDUSDT": 21.803900325026998,
      "XLMUSDT": 0.0,
      "XRPUSDT": 0.0,
      "YFIUSDT": 4.405183665858662
    },
    "count": {
      "1INCHUSDT": 5,
      "AAVEUSDT": 10,
      "ADAUSDT": 5,
      "ALGOUSDT": 10,
      "ALPHAUSDT": 10,
      "APTUSDT": 10,
      "ARBUSDT": 5,
      "ARKMUSDT": 25,
      "ATOMUSDT": 10,
      "AVAXUSDT": 10,
      "AXSUSDT": 15,
      "BCHUSDT": 5,
      "BNBUSDT": 106,
      "BOMEUSDT": 5,
      "BTCUSDT": 10,
      "CAKEUSDT": 5,
      "CHZUSDT": 27,
      "COMPUSDT": 5,
      "CRVUSDT": 5,
      "DOGEUSDT": 10,
      "DOTUSDT": 100,
      "EOSUSDT": 5,
      "ETCUSDT": 75,
      "FETUSDT": 10,
      "FLOWUSDT": 15,
      "GMTUSDT": 10,
      "GRTUSDT": 10,
      "IMXUSDT": 15,
      "JUPUSDT": 10,
      "LINKUSDT": 10,
      "MATICUSDT": 15,
      "METISUSDT": 5,
      "MKRUSDT": 10,
      "NOTUSDT": 10,
      "REZUSDT": 62,
      "SANDUSDT": 5,
      "SEIUSDT": 10,
      "SNXUSDT": 10,
      "STRKUSDT": 10,
      "SUIUSDT": 5,
      "SUSHIUSDT": 5,
      "THETAUSDT": 10,
      "TIAUSDT": 10,
      "TRXUSDT": 100,
      "UNIUSDT": 20,
      "VETUSDT": 105,
      "WIFUSDT": 5,
      "WLDUSDT": 10,
      "XLMUSDT": 10,
      "XRPUSDT": 10,
      "YFIUSDT": 20
    },
    "std": {
      "1INCHUSDT": 0.0,
      "AAVEUSDT": 0.0,
      "ADAUSDT": 0.0,
      "ALGOUSDT": 0.0,
      "ALPHAUSDT": 0.0,
      "APTUSDT": 0.0,
      "ARBUSDT": 0.0,
      "ARKMUSDT": 22.421998988157412,
      "ATOMUSDT": 0.0,
      "AVAXUSDT": 0.0,
      "AXSUSDT": 0.0,
      "BCHUSDT": 0.0,
      "BNBUSDT": 4.914738836396727,
      "BOMEUSDT": 0.0,
      "BTCUSDT": 0.0,
      "CAKEUSDT": 0.0,
      "CHZUSDT": 8.694857241095747,
      "COMPUSDT": 0.0,
      "CRVUSDT": 0.0,
      "DOGEUSDT": 28.52412379674019,
      "DOTUSDT": 4.335042901924406,
      "EOSUSDT": 0.0,
      "ETCUSDT": 6.149472681545976,
      "FETUSDT": 0.0,
      "FLOWUSDT": 8.454579839900667,
      "GMTUSDT": 0.0,
      "GRTUSDT": 11.716272205987392,
      "IMXUSDT": 0.0,
      "JUPUSDT": 0.0,
      "LINKUSDT": 0.0,
      "MATICUSDT": 0.0,
      "METISUSDT": 0.0,
      "MKRUSDT": 0.0,
      "NOTUSDT": 0.0,
      "REZUSDT": 11.014748184588298,
      "SANDUSDT": 0.0,
      "SEIUSDT": 0.0,
      "SNXUSDT": 0.0,
      "STRKUSDT": 0.0,
      "SUIUSDT": 0.0,
      "SUSHIUSDT": 0.0,
      "THETAUSDT": 0.0,
      "TIAUSDT": 105.90127453479325,
      "TRXUSDT": 1.4699317701256291,
      "UNIUSDT": 7.836618920374391,
      "VETUSDT": 11.640742268360517,
      "WIFUSDT": 0.0,
      "WLDUSDT": 22.98332896745698,
      "XLMUSDT": 0.0,
      "XRPUSDT": 0.0,
      "YFIUSDT": 7.8282168023821885
    }
  },
  "indicator_effectiveness": {
    "signal_strength": -0.1784036804444421,
    "rsi_value": NaN,
    "volume_ratio": NaN,
    "profit_loss": 1.0
  },
  "risk_patterns": {}
}