{
  "best_time_sessions": {
    "mean": {
      "NY_CLOSE": -11.997358014386043,
      "NY_MAIN": -1.2252331053459695
    },
    "count": {
      "NY_CLOSE": 802,
      "NY_MAIN": 198
    },
    "std": {
      "NY_CLOSE": 13.357012185663232,
      "NY_MAIN": 20.803848886782372
    }
  },
  "symbol_performance": {
    "mean": {
      "1INCHUSDT": -17.396949042518802,
      "AAVEUSDT": -12.827589307345004,
      "ADAUSDT": -2.5851689213118556,
      "ALGOUSDT": -21.384615384615334,
      "ALPHAUSDT": -5.238931211836138,
      "APTUSDT": -10.35685812713459,
      "ARBUSDT": -12.248693365825508,
      "ARKMUSDT": -7.238774711141394,
      "ATOMUSDT": -12.791067453446878,
      "AVAXUSDT": -6.857187373968968,
      "AXSUSDT": -5.478360779707321,
      "BCHUSDT": -10.922442833185803,
      "BNBUSDT": -7.755344418052268,
      "BOMEUSDT": -17.66233789051338,
      "BTCUSDT": 9.913209324100404,
      "CAKEUSDT": -14.711167290404253,
      "CHZUSDT": -4.2724667804070995,
      "COMPUSDT": -15.406836783822863,
      "CRVUSDT": -16.610556986337265,
      "DOGEUSDT": -6.569191452140491,
      "DOTUSDT": -7.2008497041869886,
      "ENJUSDT": -6.136564633822245,
      "EOSUSDT": 0.0,
      "ETCUSDT": -15.992003998000776,
      "ETHUSDT": 10.356544405138708,
      "FETUSDT": -4.358140246549957,
      "FLOWUSDT": -25.034013605442198,
      "GALAUSDT": -12.521327103567078,
      "GMTUSDT": -15.223755750732224,
      "GRTUSDT": -5.074873220762858,
      "IMXUSDT": -18.220259934083593,
      "JUPUSDT": -15.429807288808425,
      "LINKUSDT": -6.507355230602675,
      "LTCUSDT": -15.628395976823585,
      "MANAUSDT": -24.25057044622262,
      "METISUSDT": -7.181677018633731,
      "MKRUSDT": -19.0096134916991,
      "NOTUSDT": -4.945321151716547,
      "OPUSDT": -21.79718328427006,
      "REZUSDT": 6.139655646774995,
      "SANDUSDT": -6.429775912734327,
      "SEIUSDT": -7.12517900371958,
      "SNXUSDT": -6.227968857459862,
      "SOLUSDT": -19.199391461443383,
      "STRKUSDT": -7.5676813893774995,
      "SUIUSDT": -15.802239204851647,
      "SUSHIUSDT": -14.846826491618785,
      "THETAUSDT": -5.8535904282547,
      "TIAUSDT": -7.872308844478039,
      "TRXUSDT": -2.1205271055876604,
      "UNIUSDT": -16.1978921050758,
      "VETUSDT": -5.339835293269578,
      "WIFUSDT": -9.211602693635031,
      "WLDUSDT": -9.255881471256798,
      "XLMUSDT": -16.454602146538136,
      "XRPUSDT": -2.418375329976454,
      "YFIUSDT": -9.141241274120427
    },
    "count": {
      "1INCHUSDT": 13,
      "AAVEUSDT": 13,
      "ADAUSDT": 14,
      "ALGOUSDT": 13,
      "ALPHAUSDT": 21,
      "APTUSDT": 13,
      "ARBUSDT": 13,
      "ARKMUSDT": 17,
      "ATOMUSDT": 13,
      "AVAXUSDT": 26,
      "AXSUSDT": 20,
      "BCHUSDT": 14,
      "BNBUSDT": 12,
      "BOMEUSDT": 22,
      "BTCUSDT": 10,
      "CAKEUSDT": 24,
      "CHZUSDT": 16,
      "COMPUSDT": 13,
      "CRVUSDT": 16,
      "DOGEUSDT": 20,
      "DOTUSDT": 21,
      "ENJUSDT": 24,
      "EOSUSDT": 12,
      "ETCUSDT": 12,
      "ETHUSDT": 8,
      "FETUSDT": 21,
      "FLOWUSDT": 21,
      "GALAUSDT": 17,
      "GMTUSDT": 12,
      "GRTUSDT": 20,
      "IMXUSDT": 13,
      "JUPUSDT": 13,
      "LINKUSDT": 17,
      "LTCUSDT": 22,
      "MANAUSDT": 21,
      "METISUSDT": 14,
      "MKRUSDT": 14,
      "NOTUSDT": 20,
      "OPUSDT": 22,
      "REZUSDT": 21,
      "SANDUSDT": 16,
      "SEIUSDT": 21,
      "SNXUSDT": 20,
      "SOLUSDT": 13,
      "STRKUSDT": 21,
      "SUIUSDT": 13,
      "SUSHIUSDT": 17,
      "THETAUSDT": 20,
      "TIAUSDT": 16,
      "TRXUSDT": 33,
      "UNIUSDT": 22,
      "VETUSDT": 17,
      "WIFUSDT": 21,
      "WLDUSDT": 22,
      "XLMUSDT": 13,
      "XRPUSDT": 24,
      "YFIUSDT": 23
    },
    "std": {
      "1INCHUSDT": 10.041475831128118,
      "AAVEUSDT": 7.764841299378483,
      "ADAUSDT": 2.2859028687055365,
      "ALGOUSDT": 12.366207054836018,
      "ALPHAUSDT": 21.152099226569593,
      "APTUSDT": 6.039585393779015,
      "ARBUSDT": 8.538511819487494,
      "ARKMUSDT": 19.513926563484457,
      "ATOMUSDT": 7.496066429462377,
      "AVAXUSDT": 9.297561399765078,
      "AXSUSDT": 18.574141785053044,
      "BCHUSDT": 7.22263053027899,
      "BNBUSDT": 4.740439374104652,
      "BOMEUSDT": 8.239912277952701,
      "BTCUSDT": 1.281719644067873,
      "CAKEUSDT": 6.869028669543322,
      "CHZUSDT": 16.978932338928068,
      "COMPUSDT": 8.851601497761338,
      "CRVUSDT": 25.667737452394817,
      "DOGEUSDT": 17.65588380668414,
      "DOTUSDT": 19.426745191195938,
      "ENJUSDT": 17.113663611021106,
      "EOSUSDT": 0.0,
      "ETCUSDT": 9.72606236627554,
      "ETHUSDT": 11.071611678554165,
      "FETUSDT": 18.033077883083532,
      "FLOWUSDT": 21.873641644821145,
      "GALAUSDT": 22.09911894689926,
      "GMTUSDT": 9.37552352956195,
      "GRTUSDT": 18.237814363435163,
      "IMXUSDT": 10.671873225281788,
      "JUPUSDT": 8.977651948205747,
      "LINKUSDT": 17.13656546910638,
      "LTCUSDT": 6.431393148823244,
      "MANAUSDT": 21.641592421531346,
      "METISUSDT": 5.287204375728441,
      "MKRUSDT": 12.565993254005361,
      "NOTUSDT": 16.903995263293787,
      "OPUSDT": 10.33540011641911,
      "REZUSDT": 8.95741418492447,
      "SANDUSDT": 16.459602993489213,
      "SEIUSDT": 17.884460291496485,
      "SNXUSDT": 19.541097907551325,
      "SOLUSDT": 11.075537564197813,
      "STRKUSDT": 19.23953859274973,
      "SUIUSDT": 9.1501258456817,
      "SUSHIUSDT": 23.6597730355689,
      "THETAUSDT": 17.55919398487412,
      "TIAUSDT": 18.962849695693496,
      "TRXUSDT": 3.430662420563352,
      "UNIUSDT": 7.209416585498099,
      "VETUSDT": 16.706031321341065,
      "WIFUSDT": 20.14944771203474,
      "WLDUSDT": 6.2105912627828195,
      "XLMUSDT": 9.53049150168063,
      "XRPUSDT": 9.284756538965176,
      "YFIUSDT": 7.227528318207067
    }
  },
  "indicator_effectiveness": {
    "signal_strength": 0.20514128853694577,
    "rsi_value": NaN,
    "volume_ratio": NaN,
    "profit_loss": 1.0
  },
  "risk_patterns": {}
}