{
  "best_time_sessions": {
    "mean": {
      "ASIA_MAIN": -2.5531520610762377
    },
    "count": {
      "ASIA_MAIN": 1000
    },
    "std": {
      "ASIA_MAIN": 9.671621814596312
    }
  },
  "symbol_performance": {
    "mean": {
      "1INCHUSDT": -7.808044918190812,
      "AAVEUSDT": -11.964610315837003,
      "ADAUSDT": -8.371414681574997,
      "ALGOUSDT": -10.449038418231794,
      "ALPHAUSDT": -7.705538355693412,
      "APTUSDT": 4.927098717553328,
      "ARBUSDT": 5.416127695910505,
      "ARKMUSDT": -0.5730727444214717,
      "ATOMUSDT": 2.358192786863478,
      "AVAXUSDT": -14.071373483839048,
      "AXSUSDT": -4.504504504504352,
      "BNBUSDT": -2.164733414733499,
      "BOMEUSDT": 1.7062591918639944,
      "BTCUSDT": 0.3441795761950848,
      "CAKEUSDT": 6.134053945021487,
      "CHZUSDT": -2.540482485128973,
      "COMPUSDT": -12.48753189890775,
      "CRVUSDT": 0.0,
      "DOGEUSDT": 3.6812621470220064,
      "DOTUSDT": -5.01547987616129,
      "ENJUSDT": -15.699467339500938,
      "EOSUSDT": 0.0,
      "ETCUSDT": 5.171702597575827,
      "ETHUSDT": 5.128292974743265,
      "FETUSDT": 2.739891109039348,
      "FLOWUSDT": 3.4619985277880043,
      "GALAUSDT": -4.00111873751781,
      "GMTUSDT": -17.300262404894443,
      "GRTUSDT": 3.6234461257721895,
      "IMXUSDT": 3.542439545062874,
      "JUPUSDT": -21.04575163398684,
      "LINKUSDT": 2.0887750765136026,
      "LTCUSDT": -8.16489665410538,
      "MANAUSDT": -5.9123343527015235,
      "MATICUSDT": 0.0,
      "METISUSDT": 0.9032737096816466,
      "MKRUSDT": 0.0,
      "NOTUSDT": -7.83926601242671,
      "OPUSDT": -5.3871210223002315,
      "REZUSDT": -14.290599960914587,
      "SANDUSDT": 3.8759190224022424,
      "SEIUSDT": 4.0347674846239565,
      "SNXUSDT": -20.489094514210198,
      "SOLUSDT": 8.208532993078675,
      "STRKUSDT": -13.759889920880884,
      "SUIUSDT": 2.863377463079636,
      "SUSHIUSDT": -17.413182140325794,
      "THETAUSDT": -13.252525533825725,
      "TIAUSDT": 5.326514012826369,
      "TRXUSDT": 2.631188541543583,
      "UNIUSDT": -0.7909827961244873,
      "VETUSDT": -4.762773637252813,
      "WIFUSDT": 5.963435620452943,
      "WLDUSDT": 6.212670648464249,
      "XLMUSDT": -5.623974029607002,
      "XRPUSDT": 12.16295908003814,
      "YFIUSDT": 3.3725704988206315
    },
    "count": {
      "1INCHUSDT": 17,
      "AAVEUSDT": 18,
      "ADAUSDT": 17,
      "ALGOUSDT": 18,
      "ALPHAUSDT": 18,
      "APTUSDT": 22,
      "ARBUSDT": 20,
      "ARKMUSDT": 13,
      "ATOMUSDT": 16,
      "AVAXUSDT": 17,
      "AXSUSDT": 18,
      "BNBUSDT": 13,
      "BOMEUSDT": 22,
      "BTCUSDT": 31,
      "CAKEUSDT": 21,
      "CHZUSDT": 17,
      "COMPUSDT": 17,
      "CRVUSDT": 2,
      "DOGEUSDT": 15,
      "DOTUSDT": 17,
      "ENJUSDT": 17,
      "EOSUSDT": 17,
      "ETCUSDT": 21,
      "ETHUSDT": 35,
      "FETUSDT": 22,
      "FLOWUSDT": 17,
      "GALAUSDT": 15,
      "GMTUSDT": 17,
      "GRTUSDT": 17,
      "IMXUSDT": 23,
      "JUPUSDT": 18,
      "LINKUSDT": 19,
      "LTCUSDT": 18,
      "MANAUSDT": 12,
      "MATICUSDT": 8,
      "METISUSDT": 17,
      "MKRUSDT": 8,
      "NOTUSDT": 17,
      "OPUSDT": 18,
      "REZUSDT": 17,
      "SANDUSDT": 21,
      "SEIUSDT": 21,
      "SNXUSDT": 17,
      "SOLUSDT": 23,
      "STRKUSDT": 17,
      "SUIUSDT": 21,
      "SUSHIUSDT": 17,
      "THETAUSDT": 17,
      "TIAUSDT": 22,
      "TRXUSDT": 29,
      "UNIUSDT": 18,
      "VETUSDT": 17,
      "WIFUSDT": 19,
      "WLDUSDT": 8,
      "XLMUSDT": 17,
      "XRPUSDT": 4,
      "YFIUSDT": 10
    },
    "std": {
      "1INCHUSDT": 3.748248238291389,
      "AAVEUSDT": 4.903544467434192,
      "ADAUSDT": 3.99736149252915,
      "ALGOUSDT": 4.206915014746201,
      "ALPHAUSDT": 5.229184155366275,
      "APTUSDT": 4.711358682067029,
      "ARBUSDT": 4.5965317758909965,
      "ARKMUSDT": 1.6804773991965705,
      "ATOMUSDT": 8.116555795350669,
      "AVAXUSDT": 10.014363867028893,
      "AXSUSDT": 3.6170972612525043,
      "BNBUSDT": 1.2992998954332693,
      "BOMEUSDT": 8.000268811577016,
      "BTCUSDT": 3.1092945377971875,
      "CAKEUSDT": 4.857292089983458,
      "CHZUSDT": 1.8267262498150894,
      "COMPUSDT": 4.806916153549785,
      "CRVUSDT": 0.0,
      "DOGEUSDT": 3.2635421458879477,
      "DOTUSDT": 2.989580515249974,
      "ENJUSDT": 6.093934712442979,
      "EOSUSDT": 0.0,
      "ETCUSDT": 5.684830848626006,
      "ETHUSDT": 10.335795846706805,
      "FETUSDT": 6.38042942178042,
      "FLOWUSDT": 8.442867665771937,
      "GALAUSDT": 9.217793633360712,
      "GMTUSDT": 6.655584171196101,
      "GRTUSDT": 7.5371135391995345,
      "IMXUSDT": 7.468232510052403,
      "JUPUSDT": 8.408485322536427,
      "LINKUSDT": 1.7332059315582997,
      "LTCUSDT": 3.705136752872372,
      "MANAUSDT": 3.8269829723573205,
      "MATICUSDT": 0.0,
      "METISUSDT": 7.388967771630352,
      "MKRUSDT": 0.0,
      "NOTUSDT": 4.1640656400427245,
      "OPUSDT": 3.2992917298254376,
      "REZUSDT": 6.089339298041678,
      "SANDUSDT": 6.061758227142362,
      "SEIUSDT": 4.375829991354093,
      "SNXUSDT": 8.644472147738494,
      "SOLUSDT": 7.552471183936762,
      "STRKUSDT": 5.917415123593427,
      "SUIUSDT": 5.105480150583183,
      "SUSHIUSDT": 7.465611349489899,
      "THETAUSDT": 5.262050532146891,
      "TIAUSDT": 5.107839388738114,
      "TRXUSDT": 4.671753284656431,
      "UNIUSDT": 1.993675421198638,
      "VETUSDT": 2.3770812251957123,
      "WIFUSDT": 4.439167581280567,
      "WLDUSDT": 5.492414594678289,
      "XLMUSDT": 4.027781696233519,
      "XRPUSDT": 14.044575398004847,
      "YFIUSDT": 7.627234379130824
    }
  },
  "indicator_effectiveness": {
    "signal_strength": -0.08373128760426177,
    "rsi_value": NaN,
    "volume_ratio": NaN,
    "profit_loss": 1.0
  },
  "risk_patterns": {}
}