{
  "best_time_sessions": {
    "mean": {
      "ASIA_MAIN": -5.41670210136904,
      "LONDON_OPEN": -14.128420034653812,
      "TRANSITION": 1.0227343222146381
    },
    "count": {
      "ASIA_MAIN": 234,
      "LONDON_OPEN": 26,
      "TRANSITION": 740
    },
    "std": {
      "ASIA_MAIN": 25.932826640982036,
      "LONDON_OPEN": 9.914307844672484,
      "TRANSITION": 16.53309335984067
    }
  },
  "symbol_performance": {
    "mean": {
      "1INCHUSDT": 6.195682069070754,
      "ADAUSDT": 5.0778308584156004,
      "ALPHAUSDT": 11.371467953135843,
      "AVAXUSDT": -5.31546577993225,
      "AXSUSDT": 10.319057617131088,
      "BCHUSDT": -4.413841737386148,
      "BNBUSDT": 10.282417102341487,
      "BTCUSDT": -10.899741588745858,
      "CAKEUSDT": -1.4233913970766314,
      "CHZUSDT": 10.55011303692514,
      "DOGEUSDT": -0.14368209701599252,
      "DOTUSDT": -9.530642346080068,
      "ETHUSDT": 2.941518502502247,
      "FLOWUSDT": 1.7954088709072211,
      "GALAUSDT": -5.793830974619131,
      "GMTUSDT": 2.8647461569294785,
      "IMXUSDT": -29.070820503532087,
      "JUPUSDT": 7.91407574901081,
      "LINKUSDT": 9.997053869586065,
      "LTCUSDT": -3.816069232642894,
      "MANAUSDT": -60.9137055837564,
      "MKRUSDT": -65.26383943023643,
      "SEIUSDT": 0.4719822354873188,
      "SNXUSDT": -22.4775224775225,
      "SUIUSDT": 15.038473916732533,
      "SUSHIUSDT": -9.358128255295675,
      "THETAUSDT": 8.114449865840509,
      "XLMUSDT": -14.691041391662441,
      "XRPUSDT": -4.280160190014674
    },
    "count": {
      "1INCHUSDT": 29,
      "ADAUSDT": 45,
      "ALPHAUSDT": 12,
      "AVAXUSDT": 24,
      "AXSUSDT": 24,
      "BCHUSDT": 28,
      "BNBUSDT": 23,
      "BTCUSDT": 18,
      "CAKEUSDT": 71,
      "CHZUSDT": 12,
      "DOGEUSDT": 104,
      "DOTUSDT": 18,
      "ETHUSDT": 114,
      "FLOWUSDT": 96,
      "GALAUSDT": 23,
      "GMTUSDT": 34,
      "IMXUSDT": 12,
      "JUPUSDT": 12,
      "LINKUSDT": 29,
      "LTCUSDT": 30,
      "MANAUSDT": 6,
      "MKRUSDT": 6,
      "SEIUSDT": 41,
      "SNXUSDT": 11,
      "SUIUSDT": 12,
      "SUSHIUSDT": 24,
      "THETAUSDT": 30,
      "XLMUSDT": 41,
      "XRPUSDT": 71
    },
    "std": {
      "1INCHUSDT": 6.685829074123396,
      "ADAUSDT": 6.376098521414334,
      "ALPHAUSDT": 11.877110916343348,
      "AVAXUSDT": 27.624756685316648,
      "AXSUSDT": 10.631983102386227,
      "BCHUSDT": 31.35977137813913,
      "BNBUSDT": 10.99308095752849,
      "BTCUSDT": 31.990519536008506,
      "CAKEUSDT": 9.518266789078845,
      "CHZUSDT": 11.019233685213461,
      "DOGEUSDT": 12.40671102954494,
      "DOTUSDT": 40.95878794098485,
      "ETHUSDT": 7.370299068272844,
      "FLOWUSDT": 13.428915575237234,
      "GALAUSDT": 26.97265802625028,
      "GMTUSDT": 10.017127981754046,
      "IMXUSDT": 30.363481739782227,
      "JUPUSDT": 8.265982532661814,
      "LINKUSDT": 12.122715760104445,
      "LTCUSDT": 30.907956932743286,
      "MANAUSDT": 0.0,
      "MKRUSDT": 0.0,
      "SEIUSDT": 7.3636205641603,
      "SNXUSDT": 25.824707202218935,
      "SUIUSDT": 15.70717373145421,
      "SUSHIUSDT": 36.32566732414288,
      "THETAUSDT": 10.109790259510596,
      "XLMUSDT": 10.899035152436443,
      "XRPUSDT": 13.871637388830962
    }
  },
  "indicator_effectiveness": {
    "signal_strength": 0.34785273349784157,
    "rsi_value": NaN,
    "volume_ratio": NaN,
    "profit_loss": 1.0
  },
  "risk_patterns": {}
}