{
  "best_time_sessions": {
    "mean": {
      "ASIA_MAIN": -5.449768085507975,
      "TRANSITION": 4.336828086080937
    },
    "count": {
      "ASIA_MAIN": 388,
      "TRANSITION": 612
    },
    "std": {
      "ASIA_MAIN": 25.970104227560746,
      "TRANSITION": 20.965659400094736
    }
  },
  "symbol_performance": {
    "mean": {
      "1INCHUSDT": 8.001641362330707,
      "ADAUSDT": 4.289044289044232,
      "ALPHAUSDT": 11.371467953135843,
      "AVAXUSDT": -5.185820273104635,
      "AXSUSDT": 10.319057617131088,
      "BCHUSDT": -3.368054498899779,
      "BNBUSDT": 10.716547748762519,
      "BTCUSDT": -10.899741588745858,
      "CHZUSDT": 10.55011303692514,
      "DOGEUSDT": 8.05536741846742,
      "DOTUSDT": -9.53064234608007,
      "ETHUSDT": 8.849555840061816,
      "FLOWUSDT": 1.7623645358598492,
      "GALAUSDT": -7.751834840412725,
      "GMTUSDT": 7.949891592387305,
      "IMXUSDT": -29.070820503532083,
      "JUPUSDT": 8.290936498963706,
      "LINKUSDT": 9.86103953122435,
      "LTCUSDT": -3.8160692326428944,
      "MANAUSDT": -60.9137055837564,
      "MKRUSDT": -65.26383943023643,
      "SNXUSDT": -22.252747252747273,
      "SUIUSDT": 15.038473916732531,
      "SUSHIUSDT": -9.129881224678707,
      "THETAUSDT": 8.280050883510725,
      "XRPUSDT": 7.542682321681497
    },
    "count": {
      "1INCHUSDT": 20,
      "ADAUSDT": 39,
      "ALPHAUSDT": 20,
      "AVAXUSDT": 41,
      "AXSUSDT": 40,
      "BCHUSDT": 50,
      "BNBUSDT": 40,
      "BTCUSDT": 30,
      "CHZUSDT": 20,
      "DOGEUSDT": 59,
      "DOTUSDT": 30,
      "ETHUSDT": 50,
      "FLOWUSDT": 163,
      "GALAUSDT": 40,
      "GMTUSDT": 20,
      "IMXUSDT": 20,
      "JUPUSDT": 21,
      "LINKUSDT": 49,
      "LTCUSDT": 50,
      "MANAUSDT": 10,
      "MKRUSDT": 10,
      "SNXUSDT": 20,
      "SUIUSDT": 20,
      "SUSHIUSDT": 41,
      "THETAUSDT": 49,
      "XRPUSDT": 48
    },
    "std": {
      "1INCHUSDT": 8.209510818900466,
      "ADAUSDT": 7.399460139097649,
      "ALPHAUSDT": 11.666879951347452,
      "AVAXUSDT": 27.055855969910745,
      "AXSUSDT": 10.540719756512528,
      "BCHUSDT": 30.453630082533024,
      "BNBUSDT": 10.865705784712462,
      "BTCUSDT": 31.62067451053752,
      "CHZUSDT": 10.824187587936555,
      "DOGEUSDT": 11.49216503615105,
      "DOTUSDT": 40.48526002743398,
      "ETHUSDT": 10.949798067616653,
      "FLOWUSDT": 13.278279078522665,
      "GALAUSDT": 27.828673236825008,
      "GMTUSDT": 8.156416675213148,
      "IMXUSDT": 29.826032513977157,
      "JUPUSDT": 8.100314776787211,
      "LINKUSDT": 12.010295329785293,
      "LTCUSDT": 30.6969786515067,
      "MANAUSDT": 0.0,
      "MKRUSDT": 0.0,
      "SNXUSDT": 25.240439943991028,
      "SUIUSDT": 15.429148686964817,
      "SUSHIUSDT": 35.590850656098304,
      "THETAUSDT": 10.075608402809856,
      "XRPUSDT": 9.446374980832497
    }
  },
  "indicator_effectiveness": {
    "signal_strength": 0.515154955597793,
    "rsi_value": NaN,
    "volume_ratio": NaN,
    "profit_loss": 1.0
  },
  "risk_patterns": {}
}