{
  "best_time_sessions": {
    "mean": {
      "ASIA_MAIN": -4.774899278675852,
      "LONDON_OPEN": -19.66663418080833,
      "TRANSITION": 1.1359463306489477
    },
    "count": {
      "ASIA_MAIN": 217,
      "LONDON_OPEN": 43,
      "TRANSITION": 740
    },
    "std": {
      "ASIA_MAIN": 25.539705174562034,
      "LONDON_OPEN": 11.70269996829047,
      "TRANSITION": 15.957291903199497
    }
  },
  "symbol_performance": {
    "mean": {
      "1INCHUSDT": 6.211122350744036,
      "ADAUSDT": 5.233528826524819,
      "ALPHAUSDT": 11.371467953135843,
      "AVAXUSDT": -3.6109796724176815,
      "AXSUSDT": 10.319057617131088,
      "BCHUSDT": -2.3395899349990756,
      "BNBUSDT": 10.749799697902464,
      "BTCUSDT": -10.899741588745858,
      "CAKEUSDT": -1.1795871376942129,
      "CHZUSDT": 9.591011851750126,
      "DOGEUSDT": -4.108750659158979,
      "DOTUSDT": -9.53064234608007,
      "ETHUSDT": 2.69779222093113,
      "FLOWUSDT": 2.0752791369782466,
      "GALAUSDT": -6.05718692801091,
      "GMTUSDT": 3.4287800635056307,
      "IMXUSDT": -29.070820503532083,
      "JUPUSDT": 7.914075749010811,
      "LINKUSDT": 9.522134793475916,
      "LTCUSDT": -1.8906501782335907,
      "MANAUSDT": -60.9137055837564,
      "MKRUSDT": -65.26383943023643,
      "SEIUSDT": 0.7714792686373189,
      "SNXUSDT": -24.725274725274748,
      "SUIUSDT": 15.038473916732531,
      "SUSHIUSDT": -9.358128255295673,
      "THETAUSDT": 8.114449865840509,
      "XLMUSDT": -14.341254691860954,
      "XRPUSDT": -4.162895527274546
    },
    "count": {
      "1INCHUSDT": 31,
      "ADAUSDT": 47,
      "ALPHAUSDT": 12,
      "AVAXUSDT": 22,
      "AXSUSDT": 24,
      "BCHUSDT": 27,
      "BNBUSDT": 22,
      "BTCUSDT": 18,
      "CAKEUSDT": 75,
      "CHZUSDT": 11,
      "DOGEUSDT": 123,
      "DOTUSDT": 15,
      "ETHUSDT": 116,
      "FLOWUSDT": 84,
      "GALAUSDT": 22,
      "GMTUSDT": 36,
      "IMXUSDT": 10,
      "JUPUSDT": 10,
      "LINKUSDT": 28,
      "LTCUSDT": 28,
      "MANAUSDT": 5,
      "MKRUSDT": 6,
      "SEIUSDT": 43,
      "SNXUSDT": 10,
      "SUIUSDT": 10,
      "SUSHIUSDT": 20,
      "THETAUSDT": 30,
      "XLMUSDT": 42,
      "XRPUSDT": 73
    },
    "std": {
      "1INCHUSDT": 6.669668829622642,
      "ADAUSDT": 6.539346793785625,
      "ALPHAUSDT": 11.877110916343348,
      "AVAXUSDT": 27.27872247325584,
      "AXSUSDT": 10.631983102386227,
      "BCHUSDT": 29.93585868536865,
      "BNBUSDT": 11.015396827023103,
      "BTCUSDT": 31.990519536008506,
      "CAKEUSDT": 9.400878749849953,
      "CHZUSDT": 11.019233685213461,
      "DOGEUSDT": 15.152752973974671,
      "DOTUSDT": 41.20186893523649,
      "ETHUSDT": 7.088976119376938,
      "FLOWUSDT": 13.282679850650222,
      "GALAUSDT": 27.577112546786218,
      "GMTUSDT": 10.481160579054679,
      "IMXUSDT": 30.643335413694793,
      "JUPUSDT": 8.342168313992408,
      "LINKUSDT": 12.067313620746221,
      "LTCUSDT": 29.97090439478416,
      "MANAUSDT": 0.0,
      "MKRUSDT": 0.0,
      "SEIUSDT": 7.469802724154772,
      "SNXUSDT": 26.06272796842073,
      "SUIUSDT": 15.851943369969385,
      "SUSHIUSDT": 36.484642557747776,
      "THETAUSDT": 10.109790259510596,
      "XLMUSDT": 11.001382015675889,
      "XRPUSDT": 13.695700049410767
    }
  },
  "indicator_effectiveness": {
    "signal_strength": 0.3252899987879927,
    "rsi_value": NaN,
    "volume_ratio": NaN,
    "profit_loss": 1.0
  },
  "risk_patterns": {}
}