{
  "best_time_sessions": {
    "mean": {
      "ASIA_MAIN": -0.013693879154364494,
      "LONDON_OPEN": -19.61169486128675,
      "TRANSITION": 2.2216219975080698
    },
    "count": {
      "ASIA_MAIN": 134,
      "LONDON_OPEN": 51,
      "TRANSITION": 815
    },
    "std": {
      "ASIA_MAIN": 22.060953069823686,
      "LONDON_OPEN": 13.219566162062947,
      "TRANSITION": 14.746138046434067
    }
  },
  "symbol_performance": {
    "mean": {
      "1INCHUSDT": 6.257047291105591,
      "ADAUSDT": 5.74308581306408,
      "ALPHAUSDT": 11.371467953135843,
      "AVAXUSDT": 13.433881402728005,
      "AXSUSDT": 10.319057617131088,
      "BCHUSDT": 10.894591976834553,
      "BNBUSDT": 10.716547748762517,
      "BTCUSDT": -10.899741588745858,
      "CAKEUSDT": -0.4187035150062251,
      "CHZUSDT": 10.55011303692514,
      "DOGEUSDT": -3.8518348091031704,
      "DOTUSDT": 16.875479417028853,
      "ETHUSDT": 2.5024858901884786,
      "FLOWUSDT": 7.6726844583987495,
      "GALAUSDT": -10.335779787216966,
      "GMTUSDT": 5.1721575929228285,
      "IMXUSDT": -58.14164100706417,
      "LINKUSDT": 9.663818740599861,
      "LTCUSDT": 7.729491318577782,
      "MANAUSDT": -60.9137055837564,
      "MKRUSDT": -65.26383943023643,
      "SEIUSDT": 1.7345677673941815,
      "SNXUSDT": -49.450549450549495,
      "SUIUSDT": 15.038473916732533,
      "SUSHIUSDT": 8.582784630783388,
      "THETAUSDT": 8.114449865840509,
      "XLMUSDT": -13.094189066481741,
      "XRPUSDT": -3.705992359646851
    },
    "count": {
      "1INCHUSDT": 39,
      "ADAUSDT": 55,
      "ALPHAUSDT": 12,
      "AVAXUSDT": 12,
      "AXSUSDT": 24,
      "BCHUSDT": 24,
      "BNBUSDT": 24,
      "BTCUSDT": 18,
      "CAKEUSDT": 91,
      "CHZUSDT": 12,
      "DOGEUSDT": 149,
      "DOTUSDT": 12,
      "ETHUSDT": 134,
      "FLOWUSDT": 24,
      "GALAUSDT": 18,
      "GMTUSDT": 44,
      "IMXUSDT": 6,
      "LINKUSDT": 30,
      "LTCUSDT": 25,
      "MANAUSDT": 1,
      "MKRUSDT": 6,
      "SEIUSDT": 51,
      "SNXUSDT": 6,
      "SUIUSDT": 12,
      "SUSHIUSDT": 13,
      "THETAUSDT": 30,
      "XLMUSDT": 46,
      "XRPUSDT": 82
    },
    "std": {
      "1INCHUSDT": 6.621590819380499,
      "ADAUSDT": 7.020661974263102,
      "ALPHAUSDT": 11.877110916343348,
      "AVAXUSDT": 14.0312315098424,
      "AXSUSDT": 10.631983102386227,
      "BCHUSDT": 11.142326792319452,
      "BNBUSDT": 10.95978291493684,
      "BTCUSDT": 31.990519536008506,
      "CAKEUSDT": 8.982993266332873,
      "CHZUSDT": 11.019233685213461,
      "DOGEUSDT": 15.475267592796977,
      "DOTUSDT": 17.625863400270052,
      "ETHUSDT": 6.874563562452392,
      "FLOWUSDT": 7.837758570947279,
      "GALAUSDT": 32.21349070636131,
      "GMTUSDT": 11.616269981700063,
      "IMXUSDT": 0.0,
      "LINKUSDT": 12.05089260357443,
      "LTCUSDT": 17.922003450888294,
      "MANAUSDT": NaN,
      "MKRUSDT": 0.0,
      "SEIUSDT": 7.719960832853628,
      "SNXUSDT": 0.0,
      "SUIUSDT": 15.70717373145421,
      "SUSHIUSDT": 27.22081591120657,
      "THETAUSDT": 10.109790259510595,
      "XLMUSDT": 11.267845163208147,
      "XRPUSDT": 12.978637395374534
    }
  },
  "indicator_effectiveness": {
    "signal_strength": 0.32490780965525806,
    "rsi_value": NaN,
    "volume_ratio": NaN,
    "profit_loss": 1.0
  },
  "risk_patterns": {}
}