{
  "best_time_sessions": {
    "mean": {
      "ASIA_MAIN": -0.5107653172782849
    },
    "count": {
      "ASIA_MAIN": 1000
    },
    "std": {
      "ASIA_MAIN": 9.136996008851604
    }
  },
  "symbol_performance": {
    "mean": {
      "1INCHUSDT": -6.539321975563376,
      "AAVEUSDT": -7.833041191936675,
      "ADAUSDT": -6.304604486422564,
      "ALGOUSDT": -7.064682378829141,
      "ALPHAUSDT": -4.4228217602831865,
      "APTUSDT": 4.943064990162294,
      "ARBUSDT": 3.8088156704439813,
      "ARKMUSDT": -0.7760360080707752,
      "ATOMUSDT": 4.821646803611501,
      "AVAXUSDT": -13.26652234195208,
      "AXSUSDT": -2.2338665195806695,
      "BNBUSDT": -1.7399267399268057,
      "BOMEUSDT": 2.353566018453392,
      "BTCUSDT": -0.7633184665548035,
      "CAKEUSDT": 6.265893508571408,
      "CHZUSDT": -1.5800561797753472,
      "COMPUSDT": -8.876391171039797,
      "CRVUSDT": 0.0,
      "DOGEUSDT": 2.7183923376904926,
      "DOTUSDT": -4.586466165413796,
      "ENJUSDT": -10.52381876603911,
      "EOSUSDT": 0.0,
      "ETCUSDT": 3.5042639685809136,
      "ETHUSDT": 4.261234505841154,
      "FETUSDT": 2.7899713436938343,
      "FLOWUSDT": 2.9426987486198035,
      "GALAUSDT": -2.4929868709078002,
      "GMTUSDT": -11.794526925663273,
      "GRTUSDT": 5.473681657746877,
      "IMXUSDT": 3.080785485339504,
      "JUPUSDT": -16.69683257918544,
      "LINKUSDT": 0.1589874619826672,
      "LTCUSDT": -4.796163069544419,
      "MANAUSDT": -5.300713557594443,
      "MATICUSDT": 0.0,
      "METISUSDT": 0.9581379831786341,
      "MKRUSDT": 0.0,
      "NOTUSDT": -5.979952919735722,
      "OPUSDT": -3.7316104091348747,
      "REZUSDT": -10.637618195757694,
      "SANDUSDT": 3.5638673383500694,
      "SEIUSDT": 4.794395133018979,
      "SNXUSDT": -15.55747623163355,
      "SOLUSDT": 8.061393498550702,
      "STRKUSDT": -9.671614934773013,
      "SUIUSDT": 3.0273170930265105,
      "SUSHIUSDT": -8.870605566052616,
      "THETAUSDT": -9.47280320578933,
      "TIAUSDT": 4.546141480497354,
      "TRXUSDT": 1.3944004732364728,
      "UNIUSDT": 0.19774569903078593,
      "VETUSDT": -3.7932321396890174,
      "WIFUSDT": 3.663253309706801,
      "WLDUSDT": 4.518305926155818,
      "XLMUSDT": -4.805406081842218,
      "XRPUSDT": 12.16295908003814,
      "YFIUSDT": 5.447551218251445
    },
    "count": {
      "1INCHUSDT": 13,
      "AAVEUSDT": 14,
      "ADAUSDT": 14,
      "ALGOUSDT": 14,
      "ALPHAUSDT": 14,
      "APTUSDT": 23,
      "ARBUSDT": 19,
      "ARKMUSDT": 12,
      "ATOMUSDT": 22,
      "AVAXUSDT": 14,
      "AXSUSDT": 14,
      "BNBUSDT": 13,
      "BOMEUSDT": 34,
      "BTCUSDT": 36,
      "CAKEUSDT": 23,
      "CHZUSDT": 14,
      "COMPUSDT": 13,
      "CRVUSDT": 5,
      "DOGEUSDT": 18,
      "DOTUSDT": 14,
      "ENJUSDT": 13,
      "EOSUSDT": 16,
      "ETCUSDT": 21,
      "ETHUSDT": 38,
      "FETUSDT": 22,
      "FLOWUSDT": 20,
      "GALAUSDT": 18,
      "GMTUSDT": 13,
      "GRTUSDT": 24,
      "IMXUSDT": 23,
      "JUPUSDT": 14,
      "LINKUSDT": 27,
      "LTCUSDT": 14,
      "MANAUSDT": 12,
      "MATICUSDT": 11,
      "METISUSDT": 20,
      "MKRUSDT": 11,
      "NOTUSDT": 13,
      "OPUSDT": 14,
      "REZUSDT": 13,
      "SANDUSDT": 23,
      "SEIUSDT": 24,
      "SNXUSDT": 13,
      "SOLUSDT": 24,
      "STRKUSDT": 13,
      "SUIUSDT": 22,
      "SUSHIUSDT": 16,
      "THETAUSDT": 14,
      "TIAUSDT": 26,
      "TRXUSDT": 29,
      "UNIUSDT": 14,
      "VETUSDT": 13,
      "WIFUSDT": 19,
      "WLDUSDT": 11,
      "XLMUSDT": 13,
      "XRPUSDT": 10,
      "YFIUSDT": 16
    },
    "std": {
      "1INCHUSDT": 5.498026757322321,
      "AAVEUSDT": 6.164685013254685,
      "ADAUSDT": 5.114260701147149,
      "ALGOUSDT": 5.566328028582067,
      "ALPHAUSDT": 5.510793863853069,
      "APTUSDT": 6.622921399319206,
      "ARBUSDT": 4.99941774937067,
      "ARKMUSDT": 1.4634738055044245,
      "ATOMUSDT": 10.121590005635293,
      "AVAXUSDT": 12.387127644470977,
      "AXSUSDT": 3.321977578027261,
      "BNBUSDT": 1.4876994906321488,
      "BOMEUSDT": 10.66308267183901,
      "BTCUSDT": 2.2300847613104264,
      "CAKEUSDT": 7.285689255875279,
      "CHZUSDT": 1.5867941897876257,
      "COMPUSDT": 7.356320425821757,
      "CRVUSDT": 0.0,
      "DOGEUSDT": 3.4139195363301886,
      "DOTUSDT": 3.7297850420331593,
      "ENJUSDT": 8.69576063755742,
      "EOSUSDT": 0.0,
      "ETCUSDT": 6.080202593935283,
      "ETHUSDT": 11.260029809966461,
      "FETUSDT": 7.543868555591138,
      "FLOWUSDT": 7.8508299492679585,
      "GALAUSDT": 8.368068333212072,
      "GMTUSDT": 9.787199372654785,
      "GRTUSDT": 9.431628517415318,
      "IMXUSDT": 7.749280753296356,
      "JUPUSDT": 13.12117571263011,
      "LINKUSDT": 2.1168371547446703,
      "LTCUSDT": 3.7934851419379294,
      "MANAUSDT": 4.405316880139656,
      "MATICUSDT": 0.0,
      "METISUSDT": 6.7348749653032405,
      "MKRUSDT": 0.0,
      "NOTUSDT": 5.833334881643268,
      "OPUSDT": 3.648322633241711,
      "REZUSDT": 8.876976368701273,
      "SANDUSDT": 7.251842663716068,
      "SEIUSDT": 6.1961466149180735,
      "SNXUSDT": 13.206001170378519,
      "SOLUSDT": 9.993285027759178,
      "STRKUSDT": 8.3033226745089,
      "SUIUSDT": 6.124117154689576,
      "SUSHIUSDT": 9.235005657696751,
      "THETAUSDT": 7.465799750573606,
      "TIAUSDT": 6.830107216135872,
      "TRXUSDT": 4.391551587624168,
      "UNIUSDT": 1.147816399501843,
      "VETUSDT": 3.3492202914855986,
      "WIFUSDT": 4.6464563988556655,
      "WLDUSDT": 5.434874114305468,
      "XLMUSDT": 4.529842843276978,
      "XRPUSDT": 12.82088459344892,
      "YFIUSDT": 8.618863479216897
    }
  },
  "indicator_effectiveness": {
    "signal_strength": -0.07015799815208337,
    "rsi_value": NaN,
    "volume_ratio": NaN,
    "profit_loss": 1.0
  },
  "risk_patterns": {}
}