{
  "best_time_sessions": {
    "mean": {
      "ASIA_MAIN": 5.195877429943422,
      "LONDON_MAIN": 0.0,
      "LONDON_OPEN": 0.0,
      "NY_CLOSE": -0.32586178898212453,
      "TRANSITION": 0.0
    },
    "count": {
      "ASIA_MAIN": 56,
      "LONDON_MAIN": 10,
      "LONDON_OPEN": 40,
      "NY_CLOSE": 874,
      "TRANSITION": 20
    },
    "std": {
      "ASIA_MAIN": 16.120961733206773,
      "LONDON_MAIN": 0.0,
      "LONDON_OPEN": 0.0,
      "NY_CLOSE": 6.416076281563053,
      "TRANSITION": 0.0
    }
  },
  "symbol_performance": {
    "mean": {
      "1INCHUSDT": 2.1384021384020513,
      "AAVEUSDT": 0.0,
      "ADAUSDT": -4.548091425919559,
      "ALGOUSDT": -3.843010800185751,
      "ALPHAUSDT": 0.0,
      "APTUSDT": 1.6313163396835553,
      "ARBUSDT": -0.3400693218236055,
      "ARKMUSDT": 10.98344487374176,
      "ATOMUSDT": -4.611800503970267,
      "AVAXUSDT": 10.078920811486146,
      "AXSUSDT": -5.561023622047265,
      "BNBUSDT": 0.0,
      "BTCUSDT": 0.574358355432929,
      "CAKEUSDT": 0.0,
      "CHZUSDT": 6.631927996210386,
      "COMPUSDT": 0.0,
      "DOGEUSDT": -12.273425143009327,
      "DOTUSDT": -0.16714422158530487,
      "ENJUSDT": 4.544163589889425,
      "EOSUSDT": 0.0,
      "ETCUSDT": 9.069130732374923,
      "ETHUSDT": -1.4302190974191633,
      "FETUSDT": 5.411503747896885,
      "FLOWUSDT": 4.331683168316836,
      "GALAUSDT": 3.2722513089004406,
      "GMTUSDT": 3.00546448087431,
      "GRTUSDT": 11.11503175723369,
      "IMXUSDT": 5.346741900254841,
      "JUPUSDT": -3.3900739783090907,
      "LINKUSDT": 2.1755321529917184,
      "MANAUSDT": 0.0,
      "MATICUSDT": 0.0,
      "METISUSDT": 0.0,
      "MKRUSDT": 0.0,
      "REZUSDT": 5.281690140845008,
      "SNXUSDT": -5.087209302325586,
      "SOLUSDT": 0.045990808737028155,
      "STRKUSDT": 0.0,
      "SUIUSDT": 1.3273030973538043,
      "SUSHIUSDT": 0.0,
      "THETAUSDT": 2.950313765869042,
      "TRXUSDT": 0.0,
      "UNIUSDT": 1.8304678794601084,
      "VETUSDT": 0.0,
      "WIFUSDT": -7.872331322465986,
      "WLDUSDT": -9.44317589450535,
      "XLMUSDT": 0.0,
      "YFIUSDT": 8.810367331717323
    },
    "count": {
      "1INCHUSDT": 39,
      "AAVEUSDT": 8,
      "ADAUSDT": 39,
      "ALGOUSDT": 38,
      "ALPHAUSDT": 2,
      "APTUSDT": 29,
      "ARBUSDT": 30,
      "ARKMUSDT": 8,
      "ATOMUSDT": 36,
      "AVAXUSDT": 18,
      "AXSUSDT": 32,
      "BNBUSDT": 4,
      "BTCUSDT": 54,
      "CAKEUSDT": 4,
      "CHZUSDT": 6,
      "COMPUSDT": 4,
      "DOGEUSDT": 33,
      "DOTUSDT": 40,
      "ENJUSDT": 38,
      "EOSUSDT": 4,
      "ETCUSDT": 4,
      "ETHUSDT": 39,
      "FETUSDT": 32,
      "FLOWUSDT": 8,
      "GALAUSDT": 32,
      "GMTUSDT": 30,
      "GRTUSDT": 4,
      "IMXUSDT": 32,
      "JUPUSDT": 39,
      "LINKUSDT": 52,
      "MANAUSDT": 4,
      "MATICUSDT": 2,
      "METISUSDT": 2,
      "MKRUSDT": 2,
      "REZUSDT": 8,
      "SNXUSDT": 11,
      "SOLUSDT": 39,
      "STRKUSDT": 2,
      "SUIUSDT": 52,
      "SUSHIUSDT": 2,
      "THETAUSDT": 41,
      "TRXUSDT": 6,
      "UNIUSDT": 33,
      "VETUSDT": 6,
      "WIFUSDT": 21,
      "WLDUSDT": 25,
      "XLMUSDT": 2,
      "YFIUSDT": 4
    },
    "std": {
      "1INCHUSDT": 4.587550379577668,
      "AAVEUSDT": 0.0,
      "ADAUSDT": 4.678217450319515,
      "ALGOUSDT": 2.7569869473473694,
      "ALPHAUSDT": 0.0,
      "APTUSDT": 2.09507911420018,
      "ARBUSDT": 4.991869600715778,
      "ARKMUSDT": 11.741863827279694,
      "ATOMUSDT": 4.379420613084085,
      "AVAXUSDT": 9.6949175471184,
      "AXSUSDT": 2.8561366065075324,
      "BNBUSDT": 0.0,
      "BTCUSDT": 2.370904761693845,
      "CAKEUSDT": 0.0,
      "CHZUSDT": 10.27413867302782,
      "COMPUSDT": 0.0,
      "DOGEUSDT": 12.243537950651367,
      "DOTUSDT": 2.407408320541729,
      "ENJUSDT": 1.7668701018751125,
      "EOSUSDT": 0.0,
      "ETCUSDT": 10.47213013930514,
      "ETHUSDT": 4.8486014678114575,
      "FETUSDT": 2.462901940028381,
      "FLOWUSDT": 8.020718686148351,
      "GALAUSDT": 4.215060135598982,
      "GMTUSDT": 2.167791168490809,
      "GRTUSDT": 12.83453315418022,
      "IMXUSDT": 2.715434350016695,
      "JUPUSDT": 3.642663135558942,
      "LINKUSDT": 2.2857307871525534,
      "MANAUSDT": 0.0,
      "MATICUSDT": 0.0,
      "METISUSDT": 0.0,
      "MKRUSDT": 0.0,
      "REZUSDT": 9.779789786329653,
      "SNXUSDT": 6.019267221176941,
      "SOLUSDT": 3.2946720225795567,
      "STRKUSDT": 0.0,
      "SUIUSDT": 7.773873341883871,
      "SUSHIUSDT": 0.0,
      "THETAUSDT": 3.2919769694256993,
      "TRXUSDT": 0.0,
      "UNIUSDT": 4.884149030650458,
      "VETUSDT": 0.0,
      "WIFUSDT": 4.275113154116425,
      "WLDUSDT": 18.086455496366717,
      "XLMUSDT": 0.0,
      "YFIUSDT": 10.173335901252964
    }
  },
  "indicator_effectiveness": {
    "signal_strength": 0.13863407465609073,
    "rsi_value": NaN,
    "volume_ratio": NaN,
    "profit_loss": 1.0
  },
  "risk_patterns": {}
}