{
  "best_time_sessions": {
    "mean": {
      "ASIA_MAIN": -0.7055345238054735
    },
    "count": {
      "ASIA_MAIN": 1000
    },
    "std": {
      "ASIA_MAIN": 13.747559252246653
    }
  },
  "symbol_performance": {
    "mean": {
      "AAVEUSDT": 2.021207977111438,
      "ADAUSDT": -15.338379958541832,
      "APTUSDT": 14.408651441906995,
      "ARBUSDT": 7.138977084143969,
      "ARKMUSDT": 3.593478299349341,
      "BCHUSDT": -2.3183132242984987,
      "CAKEUSDT": 12.64872810420157,
      "CHZUSDT": 7.7696183409424,
      "COMPUSDT": 14.653653891930349,
      "FETUSDT": 14.632632798278589,
      "IMXUSDT": 2.331787200529184,
      "JUPUSDT": 6.025216710398954,
      "SEIUSDT": 11.27415891195384,
      "SOLUSDT": 4.2260550873962766,
      "TRXUSDT": 17.163907949329218,
      "UNIUSDT": 16.744387289072737,
      "WLDUSDT": 17.43405942509013
    },
    "count": {
      "AAVEUSDT": 136,
      "ADAUSDT": 253,
      "APTUSDT": 24,
      "ARBUSDT": 50,
      "ARKMUSDT": 29,
      "BCHUSDT": 252,
      "CAKEUSDT": 25,
      "CHZUSDT": 28,
      "COMPUSDT": 25,
      "FETUSDT": 20,
      "IMXUSDT": 29,
      "JUPUSDT": 30,
      "SEIUSDT": 4,
      "SOLUSDT": 34,
      "TRXUSDT": 31,
      "UNIUSDT": 11,
      "WLDUSDT": 19
    },
    "std": {
      "AAVEUSDT": 6.2082961027447405,
      "ADAUSDT": 13.10350944638004,
      "APTUSDT": 6.118082493932223,
      "ARBUSDT": 8.896769304576356,
      "ARKMUSDT": 10.980045387727053,
      "BCHUSDT": 6.095452338331962,
      "CAKEUSDT": 6.759128986286649,
      "CHZUSDT": 9.070115552665008,
      "COMPUSDT": 9.708362708703476,
      "FETUSDT": 6.877242472618824,
      "IMXUSDT": 11.158815845623304,
      "JUPUSDT": 8.791894304185199,
      "SEIUSDT": 13.018277365406338,
      "SOLUSDT": 9.700172402925967,
      "TRXUSDT": 5.280221194708554,
      "UNIUSDT": 8.661085023415474,
      "WLDUSDT": 7.2732627979168685
    }
  },
  "indicator_effectiveness": {
    "signal_strength": 0.5464169008812878,
    "rsi_value": NaN,
    "volume_ratio": NaN,
    "profit_loss": 1.0
  },
  "risk_patterns": {}
}