{
  "best_time_sessions": {
    "mean": {
      "ASIA_MAIN": -3.9780068367141013,
      "LONDON_MAIN": 3.800560738050156
    },
    "count": {
      "ASIA_MAIN": 918,
      "LONDON_MAIN": 82
    },
    "std": {
      "ASIA_MAIN": 11.739705754225303,
      "LONDON_MAIN": 32.13283957016475
    }
  },
  "symbol_performance": {
    "mean": {
      "1INCHUSDT": 0.0,
      "AAVEUSDT": 0.0,
      "ADAUSDT": 0.0,
      "ALGOUSDT": 0.0,
      "ALPHAUSDT": 0.0,
      "APTUSDT": 0.0,
      "ARBUSDT": 0.0,
      "ARKMUSDT": -4.61820950768478,
      "ATOMUSDT": 0.0,
      "AVAXUSDT": 0.0,
      "AXSUSDT": 0.0,
      "BCHUSDT": 0.0,
      "BNBUSDT": -9.529422347175466,
      "BOMEUSDT": 0.0,
      "BTCUSDT": 0.0,
      "CAKEUSDT": 0.0,
      "CHZUSDT": 10.343943900412357,
      "COMPUSDT": 0.0,
      "CRVUSDT": 0.0,
      "DOGEUSDT": -27.060359837492626,
      "DOTUSDT": -3.4074432092798297,
      "EOSUSDT": 0.0,
      "ETCUSDT": 3.5755027541473834,
      "FETUSDT": 0.0,
      "FLOWUSDT": 5.775577557755781,
      "GMTUSDT": 0.0,
      "GRTUSDT": 11.11503175723369,
      "IMXUSDT": 0.0,
      "JUPUSDT": 0.0,
      "LINKUSDT": 0.0,
      "MATICUSDT": 0.0,
      "METISUSDT": 0.0,
      "MKRUSDT": 0.0,
      "NOTUSDT": 0.0,
      "REZUSDT": -1.0670081092616486,
      "SANDUSDT": 0.0,
      "SEIUSDT": 0.0,
      "SNXUSDT": 0.0,
      "STRKUSDT": 0.0,
      "SUIUSDT": 0.0,
      "SUSHIUSDT": 0.0,
      "THETAUSDT": 0.0,
      "TIAUSDT": 100.46677039342055,
      "TRXUSDT": -1.376556820213051,
      "UNIUSDT": 5.879882402351957,
      "VETUSDT": -19.154465029716317,
      "WIFUSDT": 0.0,
      "WLDUSDT": 21.803900325026998,
      "XLMUSDT": 0.0,
      "XRPUSDT": 0.0,
      "YFIUSDT": 4.405183665858662
    },
    "count": {
      "1INCHUSDT": 2,
      "AAVEUSDT": 4,
      "ADAUSDT": 2,
      "ALGOUSDT": 4,
      "ALPHAUSDT": 4,
      "APTUSDT": 4,
      "ARBUSDT": 2,
      "ARKMUSDT": 10,
      "ATOMUSDT": 4,
      "AVAXUSDT": 4,
      "AXSUSDT": 6,
      "BCHUSDT": 2,
      "BNBUSDT": 142,
      "BOMEUSDT": 2,
      "BTCUSDT": 4,
      "CAKEUSDT": 2,
      "CHZUSDT": 61,
      "COMPUSDT": 2,
      "CRVUSDT": 2,
      "DOGEUSDT": 4,
      "DOTUSDT": 140,
      "EOSUSDT": 2,
      "ETCUSDT": 105,
      "FETUSDT": 4,
      "FLOWUSDT": 6,
      "GMTUSDT": 4,
      "GRTUSDT": 4,
      "IMXUSDT": 6,
      "JUPUSDT": 4,
      "LINKUSDT": 4,
      "MATICUSDT": 6,
      "METISUSDT": 2,
      "MKRUSDT": 4,
      "NOTUSDT": 4,
      "REZUSDT": 99,
      "SANDUSDT": 2,
      "SEIUSDT": 4,
      "SNXUSDT": 4,
      "STRKUSDT": 4,
      "SUIUSDT": 2,
      "SUSHIUSDT": 2,
      "THETAUSDT": 4,
      "TIAUSDT": 4,
      "TRXUSDT": 140,
      "UNIUSDT": 9,
      "VETUSDT": 142,
      "WIFUSDT": 2,
      "WLDUSDT": 4,
      "XLMUSDT": 4,
      "XRPUSDT": 4,
      "YFIUSDT": 8
    },
    "std": {
      "1INCHUSDT": 0.0,
      "AAVEUSDT": 0.0,
      "ADAUSDT": 0.0,
      "ALGOUSDT": 0.0,
      "ALPHAUSDT": 0.0,
      "APTUSDT": 0.0,
      "ARBUSDT": 0.0,
      "ARKMUSDT": 23.15734097861686,
      "ATOMUSDT": 0.0,
      "AVAXUSDT": 0.0,
      "AXSUSDT": 0.0,
      "BCHUSDT": 0.0,
      "BNBUSDT": 4.443933597807529,
      "BOMEUSDT": 0.0,
      "BTCUSDT": 0.0,
      "CAKEUSDT": 0.0,
      "CHZUSDT": 5.560237163714556,
      "COMPUSDT": 0.0,
      "CRVUSDT": 0.0,
      "DOGEUSDT": 31.24661207308901,
      "DOTUSDT": 5.626051204323872,
      "EOSUSDT": 0.0,
      "ETCUSDT": 6.316049933347811,
      "FETUSDT": 0.0,
      "FLOWUSDT": 8.947486278366977,
      "GMTUSDT": 0.0,
      "GRTUSDT": 12.83453315418022,
      "IMXUSDT": 0.0,
      "JUPUSDT": 0.0,
      "LINKUSDT": 0.0,
      "MATICUSDT": 0.0,
      "METISUSDT": 0.0,
      "MKRUSDT": 0.0,
      "NOTUSDT": 0.0,
      "REZUSDT": 11.475589986582744,
      "SANDUSDT": 0.0,
      "SEIUSDT": 0.0,
      "SNXUSDT": 0.0,
      "STRKUSDT": 0.0,
      "SUIUSDT": 0.0,
      "SUSHIUSDT": 0.0,
      "THETAUSDT": 0.0,
      "TIAUSDT": 116.00903386250735,
      "TRXUSDT": 2.5950140992950033,
      "UNIUSDT": 8.819823603527936,
      "VETUSDT": 13.378824951933547,
      "WIFUSDT": 0.0,
      "WLDUSDT": 25.176975444076213,
      "XLMUSDT": 0.0,
      "XRPUSDT": 0.0,
      "YFIUSDT": 8.15681516208336
    }
  },
  "indicator_effectiveness": {
    "signal_strength": -0.1558770909650514,
    "rsi_value": NaN,
    "volume_ratio": NaN,
    "profit_loss": 1.0
  },
  "risk_patterns": {}
}