{
  "best_time_sessions": {
    "mean": {
      "ASIA_MAIN": -1.1448390356665061
    },
    "count": {
      "ASIA_MAIN": 1000
    },
    "std": {
      "ASIA_MAIN": 13.364657090926704
    }
  },
  "symbol_performance": {
    "mean": {
      "AAVEUSDT": 1.6888211276129381,
      "ADAUSDT": -15.511155444540485,
      "APTUSDT": 14.02948110399353,
      "ARBUSDT": 6.099840878796033,
      "ARKMUSDT": 1.269712673756583,
      "BCHUSDT": -2.4828037087886106,
      "CAKEUSDT": 11.886627112628572,
      "CHZUSDT": 5.739624416325243,
      "COMPUSDT": 13.67806199988999,
      "FETUSDT": 14.077681378690365,
      "IMXUSDT": -0.09090921233922636,
      "JUPUSDT": 4.590298809980082,
      "SEIUSDT": 11.27415891195384,
      "SOLUSDT": 2.4064564865077087,
      "TRXUSDT": 17.261576072096855,
      "UNIUSDT": 16.776837652036033,
      "WLDUSDT": 16.561126058140385
    },
    "count": {
      "AAVEUSDT": 136,
      "ADAUSDT": 252,
      "APTUSDT": 25,
      "ARBUSDT": 49,
      "ARKMUSDT": 28,
      "BCHUSDT": 251,
      "CAKEUSDT": 26,
      "CHZUSDT": 28,
      "COMPUSDT": 26,
      "FETUSDT": 21,
      "IMXUSDT": 28,
      "JUPUSDT": 29,
      "SEIUSDT": 2,
      "SOLUSDT": 33,
      "TRXUSDT": 33,
      "UNIUSDT": 12,
      "WLDUSDT": 21
    },
    "std": {
      "AAVEUSDT": 5.927595545620709,
      "ADAUSDT": 12.859076736741246,
      "APTUSDT": 5.256696504870625,
      "ARBUSDT": 8.831954854680614,
      "ARKMUSDT": 10.248018677090723,
      "BCHUSDT": 5.8497582368832575,
      "CAKEUSDT": 6.0664064347250495,
      "CHZUSDT": 8.59729092139796,
      "COMPUSDT": 8.46326169147051,
      "FETUSDT": 5.848829761924142,
      "IMXUSDT": 10.489497008485461,
      "JUPUSDT": 8.151629309224235,
      "SEIUSDT": 15.944068437634618,
      "SOLUSDT": 8.700163169179827,
      "TRXUSDT": 4.012096594133809,
      "UNIUSDT": 6.718923206692581,
      "WLDUSDT": 6.274989095249806
    }
  },
  "indicator_effectiveness": {
    "signal_strength": 0.5553987999272321,
    "rsi_value": NaN,
    "volume_ratio": NaN,
    "profit_loss": 1.0
  },
  "risk_patterns": {}
}