{
  "best_time_sessions": {
    "mean": {
      "ASIA_MAIN": 0.9138075588319533,
      "LONDON_OPEN": -19.600551508742278,
      "TRANSITION": 2.726532737585534
    },
    "count": {
      "ASIA_MAIN": 132,
      "LONDON_OPEN": 53,
      "TRANSITION": 815
    },
    "std": {
      "ASIA_MAIN": 20.88150192667296,
      "LONDON_OPEN": 13.505170382790986,
      "TRANSITION": 14.140818297873235
    }
  },
  "symbol_performance": {
    "mean": {
      "1INCHUSDT": 6.2657282249544215,
      "ADAUSDT": 5.700123157539496,
      "ALPHAUSDT": 11.371467953135843,
      "AVAXUSDT": 12.602089913885399,
      "AXSUSDT": 8.606863533929866,
      "BCHUSDT": 9.338221694429617,
      "BNBUSDT": 11.182484607404366,
      "BTCUSDT": -10.899741588745858,
      "CAKEUSDT": -0.2685291157914907,
      "CHZUSDT": 10.55011303692514,
      "DOGEUSDT": -3.8566500960161663,
      "DOTUSDT": 16.875479417028853,
      "ETHUSDT": 2.4476869290894605,
      "FLOWUSDT": 7.6726844583987495,
      "GALAUSDT": -7.838712495072942,
      "GMTUSDT": 10.483624033843762,
      "IMXUSDT": -58.141641007064166,
      "LINKUSDT": 9.663818740599861,
      "LTCUSDT": 10.615881456382949,
      "MKRUSDT": -65.26383943023643,
      "SEIUSDT": 1.929911189311847,
      "SNXUSDT": -49.450549450549495,
      "SUIUSDT": 15.038473916732533,
      "SUSHIUSDT": 14.900871322136675,
      "THETAUSDT": 7.836344792827735,
      "WIFUSDT": 6.566347469219979,
      "XLMUSDT": -14.25102659523267,
      "XRPUSDT": -3.8364642979369044
    },
    "count": {
      "1INCHUSDT": 41,
      "ADAUSDT": 36,
      "ALPHAUSDT": 12,
      "AVAXUSDT": 18,
      "AXSUSDT": 30,
      "BCHUSDT": 28,
      "BNBUSDT": 23,
      "BTCUSDT": 18,
      "CAKEUSDT": 95,
      "CHZUSDT": 12,
      "DOGEUSDT": 155,
      "DOTUSDT": 12,
      "ETHUSDT": 137,
      "FLOWUSDT": 24,
      "GALAUSDT": 17,
      "GMTUSDT": 24,
      "IMXUSDT": 5,
      "LINKUSDT": 30,
      "LTCUSDT": 24,
      "MKRUSDT": 6,
      "SEIUSDT": 53,
      "SNXUSDT": 5,
      "SUIUSDT": 12,
      "SUSHIUSDT": 12,
      "THETAUSDT": 40,
      "WIFUSDT": 10,
      "XLMUSDT": 42,
      "XRPUSDT": 79
    },
    "std": {
      "1INCHUSDT": 6.612500536978037,
      "ADAUSDT": 8.178458644472512,
      "ALPHAUSDT": 11.877110916343348,
      "AVAXUSDT": 12.002753122791733,
      "AXSUSDT": 10.1203733421036,
      "BCHUSDT": 10.992723885832214,
      "BNBUSDT": 10.960361899369685,
      "BTCUSDT": 31.990519536008506,
      "CAKEUSDT": 8.890666028199659,
      "CHZUSDT": 11.019233685213461,
      "DOGEUSDT": 15.512803792342634,
      "DOTUSDT": 17.625863400270052,
      "ETHUSDT": 6.808248630920871,
      "FLOWUSDT": 7.837758570947279,
      "GALAUSDT": 31.357851021008713,
      "GMTUSDT": 11.317365174361083,
      "IMXUSDT": 0.0,
      "LINKUSDT": 12.05089260357443,
      "LTCUSDT": 10.85478890123033,
      "MKRUSDT": 0.0,
      "SEIUSDT": 7.754639084388263,
      "SNXUSDT": 0.0,
      "SUIUSDT": 15.70717373145421,
      "SUSHIUSDT": 15.563452508730194,
      "THETAUSDT": 9.175180500103325,
      "WIFUSDT": 6.235239493886729,
      "XLMUSDT": 11.10323417323815,
      "XRPUSDT": 13.200102735936726
    }
  },
  "indicator_effectiveness": {
    "signal_strength": 0.27530937372777203,
    "rsi_value": NaN,
    "volume_ratio": NaN,
    "profit_loss": 1.0
  },
  "risk_patterns": {}
}