{
  "best_time_sessions": {
    "mean": {
      "ASIA_MAIN": 6.462121349849318,
      "LONDON_MAIN": 0.0,
      "LONDON_OPEN": 0.0,
      "NY_CLOSE": 0.13651575714927602,
      "TRANSITION": 0.0
    },
    "count": {
      "ASIA_MAIN": 466,
      "LONDON_MAIN": 10,
      "LONDON_OPEN": 33,
      "NY_CLOSE": 481,
      "TRANSITION": 10
    },
    "std": {
      "ASIA_MAIN": 6.996033145819226,
      "LONDON_MAIN": 0.0,
      "LONDON_OPEN": 0.0,
      "NY_CLOSE": 4.3836207489661065,
      "TRANSITION": 0.0
    }
  },
  "symbol_performance": {
    "mean": {
      "1INCHUSDT": 0.0,
      "AAVEUSDT": 0.0,
      "ADAUSDT": 0.0,
      "ALGOUSDT": 3.9053832157278845,
      "ALPHAUSDT": 0.0,
      "APTUSDT": -1.2436153675328483,
      "ARBUSDT": 0.0,
      "ARKMUSDT": 13.169611200314657,
      "ATOMUSDT": 0.0,
      "AVAXUSDT": 8.649026478094944,
      "AXSUSDT": 0.0,
      "BNBUSDT": 6.281735780143565,
      "BOMEUSDT": 8.859856590456888,
      "BTCUSDT": -0.29874310235633833,
      "CAKEUSDT": 0.0,
      "CHZUSDT": 4.97394599715779,
      "COMPUSDT": 2.5956644292581657,
      "DOGEUSDT": -13.530179918746313,
      "DOTUSDT": 2.6346858882741806,
      "ENJUSDT": 0.0,
      "EOSUSDT": 0.0,
      "ETCUSDT": 8.0980845536224,
      "ETHUSDT": 0.0,
      "FETUSDT": 3.8207723119505776,
      "FLOWUSDT": 2.8877887788778906,
      "GALAUSDT": -4.179408766564878,
      "GMTUSDT": -0.9945616522419187,
      "GRTUSDT": 11.11503175723369,
      "IMXUSDT": 0.0,
      "JUPUSDT": 9.444990568293768,
      "LINKUSDT": 0.0,
      "LTCUSDT": 2.262142657093145,
      "MANAUSDT": -5.23669426481245,
      "MATICUSDT": 0.0,
      "METISUSDT": 0.0,
      "MKRUSDT": 0.0,
      "NOTUSDT": 6.027007818052581,
      "REZUSDT": 3.5211267605633387,
      "SEIUSDT": 0.42364289438632274,
      "SNXUSDT": 0.0,
      "SOLUSDT": 9.36197245817148,
      "STRKUSDT": 0.0,
      "SUIUSDT": 5.373019452159221,
      "SUSHIUSDT": 0.0,
      "THETAUSDT": 0.0,
      "TIAUSDT": 9.32209549737671,
      "TRXUSDT": 0.0,
      "UNIUSDT": 4.409911801763968,
      "VETUSDT": 0.0,
      "WIFUSDT": 1.154851388860802,
      "WLDUSDT": 8.721560130010799,
      "XLMUSDT": 0.0,
      "YFIUSDT": 8.810367331717323
    },
    "count": {
      "1INCHUSDT": 2,
      "AAVEUSDT": 7,
      "ADAUSDT": 2,
      "ALGOUSDT": 37,
      "ALPHAUSDT": 1,
      "APTUSDT": 43,
      "ARBUSDT": 2,
      "ARKMUSDT": 5,
      "ATOMUSDT": 3,
      "AVAXUSDT": 35,
      "AXSUSDT": 3,
      "BNBUSDT": 36,
      "BOMEUSDT": 26,
      "BTCUSDT": 46,
      "CAKEUSDT": 3,
      "CHZUSDT": 4,
      "COMPUSDT": 44,
      "DOGEUSDT": 4,
      "DOTUSDT": 38,
      "ENJUSDT": 2,
      "EOSUSDT": 3,
      "ETCUSDT": 34,
      "ETHUSDT": 2,
      "FETUSDT": 43,
      "FLOWUSDT": 6,
      "GALAUSDT": 45,
      "GMTUSDT": 43,
      "GRTUSDT": 2,
      "IMXUSDT": 4,
      "JUPUSDT": 42,
      "LINKUSDT": 6,
      "LTCUSDT": 76,
      "MANAUSDT": 43,
      "MATICUSDT": 2,
      "METISUSDT": 2,
      "MKRUSDT": 1,
      "NOTUSDT": 35,
      "REZUSDT": 6,
      "SEIUSDT": 41,
      "SNXUSDT": 4,
      "SOLUSDT": 29,
      "STRKUSDT": 2,
      "SUIUSDT": 81,
      "SUSHIUSDT": 1,
      "THETAUSDT": 4,
      "TIAUSDT": 34,
      "TRXUSDT": 4,
      "UNIUSDT": 4,
      "VETUSDT": 5,
      "WIFUSDT": 44,
      "WLDUSDT": 5,
      "XLMUSDT": 2,
      "YFIUSDT": 2
    },
    "std": {
      "1INCHUSDT": 0.0,
      "AAVEUSDT": 0.0,
      "ADAUSDT": 0.0,
      "ALGOUSDT": 4.367654069082473,
      "ALPHAUSDT": NaN,
      "APTUSDT": 3.1341357417560434,
      "ARBUSDT": 0.0,
      "ARKMUSDT": 12.02223196450177,
      "ATOMUSDT": 0.0,
      "AVAXUSDT": 7.093260778752567,
      "AXSUSDT": 0.0,
      "BNBUSDT": 3.5372349028639536,
      "BOMEUSDT": 5.500297818860163,
      "BTCUSDT": 0.5006895076202607,
      "CAKEUSDT": 0.0,
      "CHZUSDT": 9.94789199431558,
      "COMPUSDT": 3.526339529189784,
      "DOGEUSDT": 27.060359837492626,
      "DOTUSDT": 4.392749188873852,
      "ENJUSDT": 0.0,
      "EOSUSDT": 0.0,
      "ETCUSDT": 6.228423254536916,
      "ETHUSDT": 0.0,
      "FETUSDT": 2.860776410950173,
      "FLOWUSDT": 7.073608993185752,
      "GALAUSDT": 3.5019812434053668,
      "GMTUSDT": 1.6108371989456605,
      "GRTUSDT": 15.719028657287538,
      "IMXUSDT": 0.0,
      "JUPUSDT": 7.075492981760709,
      "LINKUSDT": 0.0,
      "LTCUSDT": 4.3436670368337404,
      "MANAUSDT": 2.777562430971242,
      "MATICUSDT": 0.0,
      "METISUSDT": 0.0,
      "MKRUSDT": NaN,
      "NOTUSDT": 4.109279529058346,
      "REZUSDT": 8.624963883039257,
      "SEIUSDT": 4.821458833383237,
      "SNXUSDT": 0.0,
      "SOLUSDT": 6.2334536759738075,
      "STRKUSDT": 0.0,
      "SUIUSDT": 5.664388036837589,
      "SUSHIUSDT": NaN,
      "THETAUSDT": 0.0,
      "TIAUSDT": 4.92066415542773,
      "TRXUSDT": 0.0,
      "UNIUSDT": 8.819823603527936,
      "VETUSDT": 0.0,
      "WIFUSDT": 2.064690606949181,
      "WLDUSDT": 19.50200132055605,
      "XLMUSDT": 0.0,
      "YFIUSDT": 12.459740970003496
    }
  },
  "indicator_effectiveness": {
    "signal_strength": 0.1428650770671213,
    "rsi_value": NaN,
    "volume_ratio": NaN,
    "profit_loss": 1.0
  },
  "risk_patterns": {}
}