{
  "best_time_sessions": {
    "mean": {
      "ASIA_MAIN": 0.9138075588319533,
      "LONDON_OPEN": -19.580610772610072,
      "TRANSITION": 6.215909105196725
    },
    "count": {
      "ASIA_MAIN": 176,
      "LONDON_OPEN": 57,
      "TRANSITION": 767
    },
    "std": {
      "ASIA_MAIN": 20.861605302882126,
      "LONDON_OPEN": 14.000671884686067,
      "TRANSITION": 13.318239424431018
    }
  },
  "symbol_performance": {
    "mean": {
      "1INCHUSDT": 7.218323898668663,
      "ADAUSDT": 5.700123157539495,
      "ALPHAUSDT": 11.371467953135843,
      "AVAXUSDT": 12.474897972766795,
      "AXSUSDT": 8.737394024485761,
      "BCHUSDT": 7.831355178928492,
      "BNBUSDT": 11.167645286204005,
      "BTCUSDT": -10.89974158874586,
      "CAKEUSDT": 4.742909957678469,
      "CHZUSDT": 10.55011303692514,
      "DOGEUSDT": -3.4325378788390224,
      "DOTUSDT": 19.286262190890117,
      "ETHUSDT": 2.8336178204077505,
      "FLOWUSDT": 7.67268445839875,
      "GALAUSDT": -4.271473506295766,
      "GMTUSDT": 10.483624033843762,
      "IMXUSDT": -58.141641007064166,
      "LINKUSDT": 10.172440779578801,
      "LTCUSDT": 10.61588145638295,
      "MKRUSDT": -65.26383943023643,
      "SEIUSDT": 6.911168448212319,
      "SNXUSDT": -49.450549450549495,
      "SUIUSDT": 15.038473916732531,
      "SUSHIUSDT": 14.900871322136675,
      "THETAUSDT": 7.694160754779085,
      "WIFUSDT": 4.789574573951448,
      "XLMUSDT": 0.0,
      "XRPUSDT": 5.426758579741458
    },
    "count": {
      "1INCHUSDT": 32,
      "ADAUSDT": 48,
      "ALPHAUSDT": 16,
      "AVAXUSDT": 24,
      "AXSUSDT": 39,
      "BCHUSDT": 42,
      "BNBUSDT": 27,
      "BTCUSDT": 24,
      "CAKEUSDT": 61,
      "CHZUSDT": 16,
      "DOGEUSDT": 162,
      "DOTUSDT": 14,
      "ETHUSDT": 136,
      "FLOWUSDT": 32,
      "GALAUSDT": 21,
      "GMTUSDT": 32,
      "IMXUSDT": 5,
      "LINKUSDT": 38,
      "LTCUSDT": 32,
      "MKRUSDT": 8,
      "SEIUSDT": 16,
      "SNXUSDT": 5,
      "SUIUSDT": 16,
      "SUSHIUSDT": 16,
      "THETAUSDT": 53,
      "WIFUSDT": 21,
      "XLMUSDT": 8,
      "XRPUSDT": 56
    },
    "std": {
      "1INCHUSDT": 7.41968592701767,
      "ADAUSDT": 8.14940541359285,
      "ALPHAUSDT": 11.74440160118039,
      "AVAXUSDT": 12.106249241721562,
      "AXSUSDT": 10.17444689894523,
      "BCHUSDT": 11.161698403152544,
      "BNBUSDT": 10.979272615994276,
      "BTCUSDT": 31.757858124326443,
      "CAKEUSDT": 4.986975410094721,
      "CHZUSDT": 10.896109891364484,
      "DOGEUSDT": 16.272722747402995,
      "DOTUSDT": 17.33289235840666,
      "ETHUSDT": 7.634241657717371,
      "FLOWUSDT": 7.795506195372244,
      "GALAUSDT": 29.44746800098858,
      "GMTUSDT": 11.256354675053352,
      "IMXUSDT": 0.0,
      "LINKUSDT": 12.101730094433204,
      "LTCUSDT": 10.796272092720486,
      "MKRUSDT": 0.0,
      "SEIUSDT": 7.137824080736125,
      "SNXUSDT": 0.0,
      "SUIUSDT": 15.531669075167926,
      "SUSHIUSDT": 15.389553726564008,
      "THETAUSDT": 9.222033521296389,
      "WIFUSDT": 6.0813078691030364,
      "XLMUSDT": 0.0,
      "XRPUSDT": 8.68105108397645
    }
  },
  "indicator_effectiveness": {
    "signal_strength": 0.40266223030250436,
    "rsi_value": NaN,
    "volume_ratio": NaN,
    "profit_loss": 1.0
  },
  "risk_patterns": {}
}