{
  "best_time_sessions": {
    "mean": {
      "NY_CLOSE": -7.575582743508245,
      "NY_MAIN": 2.776392317128458
    },
    "count": {
      "NY_CLOSE": 789,
      "NY_MAIN": 211
    },
    "std": {
      "NY_CLOSE": 13.660102179151254,
      "NY_MAIN": 22.506344603042557
    }
  },
  "symbol_performance": {
    "mean": {
      "1INCHUSDT": -12.939521800281392,
      "AAVEUSDT": -9.545764472872426,
      "ADAUSDT": -2.1738301361505132,
      "ALGOUSDT": -16.166666666666643,
      "ALPHAUSDT": 1.0205287715433269,
      "APTUSDT": -7.8365186523404775,
      "ARBUSDT": -7.364179519244128,
      "ARKMUSDT": -0.43026704369688695,
      "ATOMUSDT": -9.646302250803883,
      "AVAXUSDT": -5.47792196658522,
      "AXSUSDT": 0.3497433825945784,
      "BCHUSDT": -8.192772353078974,
      "BNBUSDT": -5.674800259123294,
      "BOMEUSDT": -14.786822745604288,
      "BTCUSDT": 10.303554627459208,
      "CAKEUSDT": -12.430635299216247,
      "CHZUSDT": 0.5921390009572449,
      "COMPUSDT": -11.555127587867155,
      "CRVUSDT": -6.103004299192293,
      "DOGEUSDT": -1.0052809174746409,
      "DOTUSDT": -0.9924686202041273,
      "ENJUSDT": -1.060775195301953,
      "EOSUSDT": 0.0,
      "ETCUSDT": -11.757757484893757,
      "ETHUSDT": 10.356544405138708,
      "FETUSDT": 0.8629775992856191,
      "FLOWUSDT": -23.078231292517028,
      "GALAUSDT": -4.497326234946982,
      "GMTUSDT": -11.223907836204155,
      "GRTUSDT": 0.5250813635149634,
      "IMXUSDT": -13.945028294260231,
      "JUPUSDT": -11.470135683312252,
      "LINKUSDT": -0.7025876816622207,
      "LTCUSDT": -13.459489233599575,
      "MANAUSDT": -22.770902696174442,
      "METISUSDT": -5.225752508361352,
      "MKRUSDT": -14.568831490053482,
      "NOTUSDT": 0.34305936732629205,
      "OPUSDT": -17.962127057804214,
      "REZUSDT": 7.5176740017923045,
      "SANDUSDT": 0.02566670562390642,
      "SEIUSDT": -1.304781167517692,
      "SNXUSDT": 0.04141461488940247,
      "SOLUSDT": -13.754354421845163,
      "STRKUSDT": -1.3359603929670996,
      "SUIUSDT": -12.208805575285716,
      "SUSHIUSDT": -6.123040939953957,
      "THETAUSDT": -0.37813150900361775,
      "TIAUSDT": -1.045505090666587,
      "TRXUSDT": -1.9383265720525944,
      "UNIUSDT": -14.073689188001989,
      "VETUSDT": 0.41135461710775684,
      "WIFUSDT": -2.736487038797328,
      "WLDUSDT": -7.815364917577663,
      "XLMUSDT": -12.32636419665314,
      "XRPUSDT": -1.958142374884844,
      "YFIUSDT": -7.636023469919811
    },
    "count": {
      "1INCHUSDT": 12,
      "AAVEUSDT": 12,
      "ADAUSDT": 13,
      "ALGOUSDT": 12,
      "ALPHAUSDT": 24,
      "APTUSDT": 12,
      "ARBUSDT": 12,
      "ARKMUSDT": 18,
      "ATOMUSDT": 12,
      "AVAXUSDT": 24,
      "AXSUSDT": 23,
      "BCHUSDT": 13,
      "BNBUSDT": 11,
      "BOMEUSDT": 17,
      "BTCUSDT": 7,
      "CAKEUSDT": 20,
      "CHZUSDT": 18,
      "COMPUSDT": 12,
      "CRVUSDT": 17,
      "DOGEUSDT": 23,
      "DOTUSDT": 24,
      "ENJUSDT": 29,
      "EOSUSDT": 11,
      "ETCUSDT": 11,
      "ETHUSDT": 12,
      "FETUSDT": 24,
      "FLOWUSDT": 24,
      "GALAUSDT": 18,
      "GMTUSDT": 11,
      "GRTUSDT": 23,
      "IMXUSDT": 12,
      "JUPUSDT": 12,
      "LINKUSDT": 18,
      "LTCUSDT": 19,
      "MANAUSDT": 24,
      "METISUSDT": 13,
      "MKRUSDT": 13,
      "NOTUSDT": 23,
      "OPUSDT": 18,
      "REZUSDT": 24,
      "SANDUSDT": 17,
      "SEIUSDT": 24,
      "SNXUSDT": 23,
      "SOLUSDT": 11,
      "STRKUSDT": 24,
      "SUIUSDT": 12,
      "SUSHIUSDT": 18,
      "THETAUSDT": 23,
      "TIAUSDT": 17,
      "TRXUSDT": 26,
      "UNIUSDT": 19,
      "VETUSDT": 18,
      "WIFUSDT": 24,
      "WLDUSDT": 18,
      "XLMUSDT": 12,
      "XRPUSDT": 20,
      "YFIUSDT": 19
    },
    "std": {
      "1INCHUSDT": 11.522131915697862,
      "AAVEUSDT": 8.82598456474688,
      "ADAUSDT": 2.499816656895482,
      "ALGOUSDT": 14.408541237962288,
      "ALPHAUSDT": 20.58214012655768,
      "APTUSDT": 7.04130164216849,
      "ARBUSDT": 6.705662902925779,
      "ARKMUSDT": 19.599080972585472,
      "ATOMUSDT": 8.702294979535584,
      "AVAXUSDT": 8.69355231661405,
      "AXSUSDT": 17.511323396927907,
      "BCHUSDT": 7.941582136856045,
      "BNBUSDT": 5.4851304938842365,
      "BOMEUSDT": 10.64931254634648,
      "BTCUSDT": 1.3441787831622092,
      "CAKEUSDT": 8.465043881078595,
      "CHZUSDT": 17.02390116425181,
      "COMPUSDT": 10.256624338163872,
      "CRVUSDT": 26.437723375818262,
      "DOGEUSDT": 16.65693861529279,
      "DOTUSDT": 18.366291658195298,
      "ENJUSDT": 15.327029007943079,
      "EOSUSDT": 0.0,
      "ETCUSDT": 11.326351007973807,
      "ETHUSDT": 10.817057843085859,
      "FETUSDT": 17.696327009312633,
      "FLOWUSDT": 24.966081089287382,
      "GALAUSDT": 21.989839003599773,
      "GMTUSDT": 10.901989049132158,
      "GRTUSDT": 17.363344346488567,
      "IMXUSDT": 12.562278910833832,
      "JUPUSDT": 10.25614926833024,
      "LINKUSDT": 17.446015204973104,
      "LTCUSDT": 8.317069518029344,
      "MANAUSDT": 24.837569965245226,
      "METISUSDT": 5.597819322224374,
      "MKRUSDT": 14.089003586546186,
      "NOTUSDT": 15.942041308664988,
      "OPUSDT": 12.323119579438432,
      "REZUSDT": 9.222758991904886,
      "SANDUSDT": 17.303765648833465,
      "SEIUSDT": 16.76295554106003,
      "SNXUSDT": 18.20466800133018,
      "SOLUSDT": 13.278752737087206,
      "STRKUSDT": 18.05140579106765,
      "SUIUSDT": 10.880245252585647,
      "SUSHIUSDT": 23.435242689704022,
      "THETAUSDT": 16.616066074538857,
      "TIAUSDT": 18.76509075070342,
      "TRXUSDT": 3.318883296823259,
      "UNIUSDT": 9.062872774449104,
      "VETUSDT": 16.842043179834906,
      "WIFUSDT": 19.061047466031862,
      "WLDUSDT": 6.78210085012794,
      "XLMUSDT": 10.995794119562195,
      "XRPUSDT": 8.641490219294917,
      "YFIUSDT": 7.454147757392709
    }
  },
  "indicator_effectiveness": {
    "signal_strength": 0.20986409271955073,
    "rsi_value": NaN,
    "volume_ratio": NaN,
    "profit_loss": 1.0
  },
  "risk_patterns": {}
}