{
  "best_time_sessions": {
    "mean": {
      "LONDON_MAIN": 25.429122684099198,
      "NY_CLOSE": 5.200633069465508
    },
    "count": {
      "LONDON_MAIN": 982,
      "NY_CLOSE": 18
    },
    "std": {
      "LONDON_MAIN": 28.950099442780747,
      "NY_CLOSE": 8.692734171814308
    }
  },
  "symbol_performance": {
    "mean": {
      "1INCHUSDT": 26.977950713359185,
      "AAVEUSDT": 0.8692378703112879,
      "ADAUSDT": 10.927310723367741,
      "ALGOUSDT": 7.933213412665413,
      "ALPHAUSDT": 16.865944405967515,
      "APTUSDT": 3.96957317238324,
      "ARBUSDT": 7.832354289047266,
      "ARKMUSDT": -22.555275263392346,
      "ATOMUSDT": 22.21988561995136,
      "AVAXUSDT": 5.045840175150306,
      "AXSUSDT": 4.371996257949136,
      "BCHUSDT": -2.2301733348653143,
      "BOMEUSDT": 11.529885245009893,
      "BTCUSDT": -2.0339825782090286,
      "CAKEUSDT": 6.312588404518274,
      "COMPUSDT": 8.419786498270756,
      "CRVUSDT": 4.702859027128096,
      "DOGEUSDT": 14.466245427336275,
      "DOTUSDT": 5.71010248901899,
      "ENJUSDT": 16.575282031890044,
      "EOSUSDT": 0.0,
      "ETCUSDT": 7.909140968484026,
      "ETHUSDT": 2.0617065604843727,
      "FETUSDT": 5.015260249113363,
      "FLOWUSDT": 22.14453132176896,
      "GMTUSDT": 10.132987071954327,
      "GRTUSDT": 61.355600974654614,
      "IMXUSDT": 13.402849415897755,
      "JUPUSDT": 9.39557904450297,
      "LINKUSDT": 3.5439302706411464,
      "LTCUSDT": 9.4029149036202,
      "MANAUSDT": 15.858493443122885,
      "MATICUSDT": 0.0,
      "METISUSDT": 16.766126740551236,
      "MKRUSDT": 0.0,
      "NOTUSDT": 12.773957844845865,
      "REZUSDT": 13.366750208855507,
      "SANDUSDT": 11.855908681342065,
      "SEIUSDT": 0.7012376845130106,
      "SNXUSDT": 13.755187940838452,
      "SOLUSDT": -4.187797047902737,
      "STRKUSDT": 10.558442629712422,
      "SUIUSDT": -0.21051393261708112,
      "SUSHIUSDT": 24.565616417560143,
      "THETAUSDT": 16.53201077247143,
      "TIAUSDT": 100.46677039342053,
      "TRXUSDT": 2.131674442288892,
      "UNIUSDT": 8.492353227164488,
      "VETUSDT": 21.451561720839567,
      "WIFUSDT": 20.364976224263888,
      "XLMUSDT": 3.4969510775963446,
      "XRPUSDT": 3.893181750895446,
      "YFIUSDT": 6.5359066556706455
    },
    "count": {
      "1INCHUSDT": 9,
      "AAVEUSDT": 18,
      "ADAUSDT": 9,
      "ALGOUSDT": 9,
      "ALPHAUSDT": 19,
      "APTUSDT": 9,
      "ARBUSDT": 9,
      "ARKMUSDT": 6,
      "ATOMUSDT": 18,
      "AVAXUSDT": 9,
      "AXSUSDT": 27,
      "BCHUSDT": 25,
      "BOMEUSDT": 9,
      "BTCUSDT": 18,
      "CAKEUSDT": 18,
      "COMPUSDT": 9,
      "CRVUSDT": 18,
      "DOGEUSDT": 9,
      "DOTUSDT": 5,
      "ENJUSDT": 9,
      "EOSUSDT": 9,
      "ETCUSDT": 18,
      "ETHUSDT": 9,
      "FETUSDT": 9,
      "FLOWUSDT": 18,
      "GMTUSDT": 18,
      "GRTUSDT": 310,
      "IMXUSDT": 18,
      "JUPUSDT": 9,
      "LINKUSDT": 18,
      "LTCUSDT": 9,
      "MANAUSDT": 9,
      "MATICUSDT": 27,
      "METISUSDT": 9,
      "MKRUSDT": 9,
      "NOTUSDT": 18,
      "REZUSDT": 9,
      "SANDUSDT": 18,
      "SEIUSDT": 9,
      "SNXUSDT": 19,
      "SOLUSDT": 19,
      "STRKUSDT": 9,
      "SUIUSDT": 9,
      "SUSHIUSDT": 9,
      "THETAUSDT": 9,
      "TIAUSDT": 6,
      "TRXUSDT": 24,
      "UNIUSDT": 18,
      "VETUSDT": 9,
      "WIFUSDT": 9,
      "XLMUSDT": 18,
      "XRPUSDT": 9,
      "YFIUSDT": 18
    },
    "std": {
      "1INCHUSDT": 20.3081530750192,
      "AAVEUSDT": 1.8261629999102171,
      "ADAUSDT": 8.327304275291896,
      "ALGOUSDT": 6.255793305912394,
      "ALPHAUSDT": 12.590021871299616,
      "APTUSDT": 3.8600602089214053,
      "ARBUSDT": 7.085633187380835,
      "ARKMUSDT": 24.70806610499653,
      "ATOMUSDT": 17.030177555781165,
      "AVAXUSDT": 3.9748194094004847,
      "AXSUSDT": 6.418444987359587,
      "BCHUSDT": 2.524116147628509,
      "BOMEUSDT": 9.25845061779139,
      "BTCUSDT": 1.5960462177426316,
      "CAKEUSDT": 6.231545962595227,
      "COMPUSDT": 7.045782296713176,
      "CRVUSDT": 5.527696323482941,
      "DOGEUSDT": 10.940644563921728,
      "DOTUSDT": 3.2077455783611066,
      "ENJUSDT": 12.558329686813003,
      "EOSUSDT": 0.0,
      "ETCUSDT": 6.971339018295364,
      "ETHUSDT": 1.6430767874506684,
      "FETUSDT": 5.022960438056038,
      "FLOWUSDT": 17.589477582288595,
      "GMTUSDT": 9.870796154846914,
      "GRTUSDT": 9.96044925437003,
      "IMXUSDT": 11.364445512751054,
      "JUPUSDT": 7.408172155296229,
      "LINKUSDT": 2.974975173735048,
      "LTCUSDT": 7.256387738807041,
      "MANAUSDT": 12.470294785154525,
      "MATICUSDT": 0.0,
      "METISUSDT": 12.858570442453788,
      "MKRUSDT": 0.0,
      "NOTUSDT": 9.946243916838139,
      "REZUSDT": 10.956455345533875,
      "SANDUSDT": 9.284140865004336,
      "SEIUSDT": 3.4631487605247226,
      "SNXUSDT": 11.892835930240944,
      "SOLUSDT": 3.3175681570542546,
      "STRKUSDT": 9.520110894170635,
      "SUIUSDT": 2.3213990080253786,
      "SUSHIUSDT": 19.20550952807725,
      "THETAUSDT": 12.811718718722206,
      "TIAUSDT": 110.0558328483372,
      "TRXUSDT": 4.133906045378565,
      "UNIUSDT": 6.705787781106878,
      "VETUSDT": 16.141850600035664,
      "WIFUSDT": 15.638213253629127,
      "XLMUSDT": 3.332012284559429,
      "XRPUSDT": 2.991510061951459,
      "YFIUSDT": 6.091375034453563
    }
  },
  "indicator_effectiveness": {
    "signal_strength": -0.534423823745999,
    "rsi_value": NaN,
    "volume_ratio": NaN,
    "profit_loss": 1.0
  },
  "risk_patterns": {}
}