{
  "best_time_sessions": {
    "mean": {
      "ASIA_MAIN": 5.579203720054962
    },
    "count": {
      "ASIA_MAIN": 942
    },
    "std": {
      "ASIA_MAIN": 8.39334882345614
    }
  },
  "symbol_performance": {
    "mean": {
      "AAVEUSDT": 4.46410124967207,
      "ADAUSDT": 2.2857486749977975,
      "APTUSDT": 10.566887198286576,
      "ARBUSDT": 0.7935565367016172,
      "ARKMUSDT": -0.575447887810367,
      "BCHUSDT": 2.9324710222053354,
      "CAKEUSDT": 2.098375090761072,
      "CHZUSDT": 4.754420775679054,
      "COMPUSDT": 6.932022987723829,
      "FETUSDT": 9.53802711771271,
      "IMXUSDT": 0.9540568343231178,
      "JUPUSDT": 2.6139777714332197,
      "SEIUSDT": 8.561579324115161,
      "SOLUSDT": 4.548636881975925,
      "TRXUSDT": 13.712415437366808,
      "UNIUSDT": 9.650066558471206,
      "WLDUSDT": 12.907920752531515
    },
    "count": {
      "AAVEUSDT": 65,
      "ADAUSDT": 63,
      "APTUSDT": 51,
      "ARBUSDT": 53,
      "ARKMUSDT": 38,
      "BCHUSDT": 68,
      "CAKEUSDT": 69,
      "CHZUSDT": 50,
      "COMPUSDT": 70,
      "FETUSDT": 47,
      "IMXUSDT": 63,
      "JUPUSDT": 51,
      "SEIUSDT": 19,
      "SOLUSDT": 61,
      "TRXUSDT": 70,
      "UNIUSDT": 58,
      "WLDUSDT": 46
    },
    "std": {
      "AAVEUSDT": 7.408411211233791,
      "ADAUSDT": 6.9182966527471335,
      "APTUSDT": 5.993612185476964,
      "ARBUSDT": 6.798866912133761,
      "ARKMUSDT": 8.442416662254125,
      "BCHUSDT": 7.11044077402997,
      "CAKEUSDT": 8.166077414609898,
      "CHZUSDT": 7.4547334214406185,
      "COMPUSDT": 6.413368990983766,
      "FETUSDT": 7.307139600544207,
      "IMXUSDT": 7.710511525191558,
      "JUPUSDT": 6.428064875442101,
      "SEIUSDT": 7.459379802595459,
      "SOLUSDT": 8.442000073503042,
      "TRXUSDT": 4.999214808769242,
      "UNIUSDT": 9.579446934901497,
      "WLDUSDT": 6.768115250076794
    }
  },
  "indicator_effectiveness": {
    "signal_strength": 0.5242105974708162,
    "rsi_value": NaN,
    "volume_ratio": NaN,
    "profit_loss": 1.0
  },
  "risk_patterns": {}
}