{
  "best_time_sessions": {
    "mean": {
      "ASIA_MAIN": 5.249198136069558
    },
    "count": {
      "ASIA_MAIN": 846
    },
    "std": {
      "ASIA_MAIN": 8.316890421201721
    }
  },
  "symbol_performance": {
    "mean": {
      "AAVEUSDT": 3.8646675207630894,
      "ADAUSDT": 1.8144271713351925,
      "APTUSDT": 9.576271369903669,
      "ARBUSDT": -0.13123685476326166,
      "ARKMUSDT": -2.4272838622358615,
      "BCHUSDT": 2.980430866863885,
      "CAKEUSDT": 1.3464767669757625,
      "CHZUSDT": 3.8563540810629267,
      "COMPUSDT": 6.309881575815097,
      "FETUSDT": 9.74537553331516,
      "IMXUSDT": 0.2769216182379568,
      "JUPUSDT": 1.9597593904349748,
      "SEIUSDT": 9.037222619899337,
      "SOLUSDT": 4.583670881507335,
      "TRXUSDT": 13.713873553467849,
      "UNIUSDT": 9.819365971777719,
      "WLDUSDT": 12.606691521295692
    },
    "count": {
      "AAVEUSDT": 58,
      "ADAUSDT": 54,
      "APTUSDT": 44,
      "ARBUSDT": 47,
      "ARKMUSDT": 31,
      "BCHUSDT": 58,
      "CAKEUSDT": 64,
      "CHZUSDT": 44,
      "COMPUSDT": 64,
      "FETUSDT": 46,
      "IMXUSDT": 56,
      "JUPUSDT": 45,
      "SEIUSDT": 18,
      "SOLUSDT": 52,
      "TRXUSDT": 65,
      "UNIUSDT": 57,
      "WLDUSDT": 43
    },
    "std": {
      "AAVEUSDT": 7.12383040931839,
      "ADAUSDT": 6.593831550087607,
      "APTUSDT": 5.086707756443252,
      "ARBUSDT": 6.27813161050884,
      "ARKMUSDT": 7.616451631514095,
      "BCHUSDT": 7.014575748130044,
      "CAKEUSDT": 7.82305865349111,
      "CHZUSDT": 7.119619183649642,
      "COMPUSDT": 6.07183491740056,
      "FETUSDT": 7.246739718147048,
      "IMXUSDT": 7.591044125116717,
      "JUPUSDT": 6.121376587396023,
      "SEIUSDT": 7.373200072993636,
      "SOLUSDT": 8.50378414258084,
      "TRXUSDT": 4.8242051760413895,
      "UNIUSDT": 9.576658070528833,
      "WLDUSDT": 6.0875090161644145
    }
  },
  "indicator_effectiveness": {
    "signal_strength": 0.5600598286588044,
    "rsi_value": NaN,
    "volume_ratio": NaN,
    "profit_loss": 1.0
  },
  "risk_patterns": {}
}