{
  "best_time_sessions": {
    "mean": {
      "ASIA_MAIN": 1.465774475718346,
      "LONDON_OPEN": -19.316396018858274,
      "TRANSITION": 7.417423088957625
    },
    "count": {
      "ASIA_MAIN": 218,
      "LONDON_OPEN": 20,
      "TRANSITION": 762
    },
    "std": {
      "ASIA_MAIN": 20.117534128029057,
      "LONDON_OPEN": 19.81820415565244,
      "TRANSITION": 13.236553314615971
    }
  },
  "symbol_performance": {
    "mean": {
      "1INCHUSDT": 7.218323898668663,
      "ADAUSDT": 5.700123157539495,
      "ALPHAUSDT": 11.371467953135843,
      "AVAXUSDT": 12.211934110263215,
      "AXSUSDT": 8.638996487591701,
      "BCHUSDT": 8.372930205316049,
      "BNBUSDT": 11.6126481024382,
      "BTCUSDT": -9.776961226037232,
      "CAKEUSDT": 3.1479384663437173,
      "CHZUSDT": 10.55011303692514,
      "DOGEUSDT": 1.6307433332697108,
      "DOTUSDT": 21.69704496475138,
      "ETHUSDT": 5.1230314676322655,
      "FLOWUSDT": 7.67268445839875,
      "GALAUSDT": 0.276756204395135,
      "GMTUSDT": 10.483624033843762,
      "IMXUSDT": -58.141641007064166,
      "LINKUSDT": 10.695259279751696,
      "LTCUSDT": 10.88486670320052,
      "MKRUSDT": -65.26383943023643,
      "SEIUSDT": 6.91116844821232,
      "SNXUSDT": -49.450549450549495,
      "SUIUSDT": 15.038473916732531,
      "SUSHIUSDT": 14.900871322136673,
      "THETAUSDT": 7.620415001750843,
      "WIFUSDT": 4.789216156696966,
      "XLMUSDT": 0.0,
      "XRPUSDT": 5.36880805470003
    },
    "count": {
      "1INCHUSDT": 40,
      "ADAUSDT": 60,
      "ALPHAUSDT": 20,
      "AVAXUSDT": 32,
      "AXSUSDT": 49,
      "BCHUSDT": 47,
      "BNBUSDT": 28,
      "BTCUSDT": 28,
      "CAKEUSDT": 40,
      "CHZUSDT": 18,
      "DOGEUSDT": 116,
      "DOTUSDT": 14,
      "ETHUSDT": 82,
      "FLOWUSDT": 40,
      "GALAUSDT": 24,
      "GMTUSDT": 40,
      "IMXUSDT": 4,
      "LINKUSDT": 43,
      "LTCUSDT": 37,
      "MKRUSDT": 9,
      "SEIUSDT": 20,
      "SNXUSDT": 4,
      "SUIUSDT": 18,
      "SUSHIUSDT": 18,
      "THETAUSDT": 65,
      "WIFUSDT": 27,
      "XLMUSDT": 10,
      "XRPUSDT": 67
    },
    "std": {
      "1INCHUSDT": 7.395866649090233,
      "ADAUSDT": 8.132121395379254,
      "ALPHAUSDT": 11.666879951347452,
      "AVAXUSDT": 12.02970838318754,
      "AXSUSDT": 10.17819548779962,
      "BCHUSDT": 11.211266402944037,
      "BNBUSDT": 11.021162574910685,
      "BTCUSDT": 31.651792293940222,
      "CAKEUSDT": 5.521849352383655,
      "CHZUSDT": 10.85597675355719,
      "DOGEUSDT": 15.362071484256157,
      "DOTUSDT": 16.782500861428698,
      "ETHUSDT": 9.386971481884308,
      "FLOWUSDT": 7.770480428718632,
      "GALAUSDT": 26.281622039308026,
      "GMTUSDT": 11.22021861173582,
      "IMXUSDT": 0.0,
      "LINKUSDT": 12.17655293232291,
      "LTCUSDT": 10.751468287372765,
      "MKRUSDT": 0.0,
      "SEIUSDT": 7.090709215479787,
      "SNXUSDT": 0.0,
      "SUIUSDT": 15.474461996532915,
      "SUSHIUSDT": 15.332870094822146,
      "THETAUSDT": 9.168745798085013,
      "WIFUSDT": 6.247279551254508,
      "XLMUSDT": 0.0,
      "XRPUSDT": 8.620592386612932
    }
  },
  "indicator_effectiveness": {
    "signal_strength": 0.42380937092373006,
    "rsi_value": NaN,
    "volume_ratio": NaN,
    "profit_loss": 1.0
  },
  "risk_patterns": {}
}