{
  "best_time_sessions": {
    "mean": {
      "NY_CLOSE": -5.556179587031335,
      "NY_MAIN": 4.722518385932147
    },
    "count": {
      "NY_CLOSE": 786,
      "NY_MAIN": 214
    },
    "std": {
      "NY_CLOSE": 13.48886263790272,
      "NY_MAIN": 23.150728056325466
    }
  },
  "symbol_performance": {
    "mean": {
      "1INCHUSDT": -10.433448408132039,
      "AAVEUSDT": -7.556325618600274,
      "ADAUSDT": -2.0212806529118623,
      "ALGOUSDT": -12.9090909090909,
      "ALPHAUSDT": 3.8422025615298345,
      "APTUSDT": -6.517586245645436,
      "ARBUSDT": -6.138921520330438,
      "ARKMUSDT": 3.1133683611495817,
      "ATOMUSDT": -7.767152461686222,
      "AVAXUSDT": -4.390294199071606,
      "AXSUSDT": 2.1529744180420836,
      "BCHUSDT": -7.144982058565652,
      "BNBUSDT": -4.836968257395781,
      "BOMEUSDT": -13.009684615303597,
      "BTCUSDT": 10.628738288177402,
      "CAKEUSDT": -10.72547455935804,
      "CHZUSDT": 3.3666919693638553,
      "COMPUSDT": -9.191578763076153,
      "CRVUSDT": -1.019378461585867,
      "DOGEUSDT": 0.8078744501675407,
      "DOTUSDT": 0.8935110306749786,
      "ENJUSDT": 0.3976819950312933,
      "EOSUSDT": 0.0,
      "ETCUSDT": -9.995002498750507,
      "ETHUSDT": 10.356544405138708,
      "FETUSDT": 2.537629602774086,
      "FLOWUSDT": -22.433281004709595,
      "GALAUSDT": -1.8119252514062907,
      "GMTUSDT": -9.58138473822303,
      "GRTUSDT": 2.261824789014477,
      "IMXUSDT": -11.317704122877869,
      "JUPUSDT": -10.001398797034458,
      "LINKUSDT": 1.3338308814458415,
      "LTCUSDT": -11.649270627306535,
      "MANAUSDT": -22.336404129882393,
      "METISUSDT": -3.396739130434911,
      "MKRUSDT": -11.325792374827826,
      "NOTUSDT": 1.8265503875968967,
      "OPUSDT": -15.730659595206157,
      "REZUSDT": 7.80193884246462,
      "SANDUSDT": 2.208817069812857,
      "SEIUSDT": 0.4031693143799891,
      "SNXUSDT": 2.1128809245950833,
      "SOLUSDT": -11.47095179233621,
      "STRKUSDT": 1.5515049649093446,
      "SUIUSDT": -9.612820088098639,
      "SUSHIUSDT": -3.1379728348526075,
      "THETAUSDT": 1.3085006199297267,
      "TIAUSDT": 1.297293664698512,
      "TRXUSDT": -1.9722082698172227,
      "UNIUSDT": -12.302803490286509,
      "VETUSDT": 3.401383576912837,
      "WIFUSDT": 0.38299467326790776,
      "WLDUSDT": -6.971596577764016,
      "XLMUSDT": -10.610155027734509,
      "XRPUSDT": -1.1812439608926912,
      "YFIUSDT": -7.0095495168923305
    },
    "count": {
      "1INCHUSDT": 11,
      "AAVEUSDT": 11,
      "ADAUSDT": 13,
      "ALGOUSDT": 11,
      "ALPHAUSDT": 25,
      "APTUSDT": 11,
      "ARBUSDT": 11,
      "ARKMUSDT": 18,
      "ATOMUSDT": 11,
      "AVAXUSDT": 23,
      "AXSUSDT": 25,
      "BCHUSDT": 13,
      "BNBUSDT": 11,
      "BOMEUSDT": 16,
      "BTCUSDT": 5,
      "CAKEUSDT": 18,
      "CHZUSDT": 18,
      "COMPUSDT": 11,
      "CRVUSDT": 17,
      "DOGEUSDT": 25,
      "DOTUSDT": 26,
      "ENJUSDT": 32,
      "EOSUSDT": 11,
      "ETCUSDT": 11,
      "ETHUSDT": 14,
      "FETUSDT": 26,
      "FLOWUSDT": 26,
      "GALAUSDT": 19,
      "GMTUSDT": 11,
      "GRTUSDT": 25,
      "IMXUSDT": 11,
      "JUPUSDT": 12,
      "LINKUSDT": 19,
      "LTCUSDT": 16,
      "MANAUSDT": 26,
      "METISUSDT": 12,
      "MKRUSDT": 12,
      "NOTUSDT": 25,
      "OPUSDT": 16,
      "REZUSDT": 25,
      "SANDUSDT": 18,
      "SEIUSDT": 26,
      "SNXUSDT": 25,
      "SOLUSDT": 11,
      "STRKUSDT": 25,
      "SUIUSDT": 11,
      "SUSHIUSDT": 19,
      "THETAUSDT": 25,
      "TIAUSDT": 18,
      "TRXUSDT": 22,
      "UNIUSDT": 16,
      "VETUSDT": 18,
      "WIFUSDT": 25,
      "WLDUSDT": 16,
      "XLMUSDT": 12,
      "XRPUSDT": 18,
      "YFIUSDT": 16
    },
    "std": {
      "1INCHUSDT": 12.0487460097315,
      "AAVEUSDT": 9.053801093007499,
      "ADAUSDT": 2.5718937302884055,
      "ALGOUSDT": 14.922831805354797,
      "ALPHAUSDT": 19.97370232961976,
      "APTUSDT": 7.519270367934254,
      "ARBUSDT": 7.164540837635958,
      "ARKMUSDT": 18.941783154504343,
      "ATOMUSDT": 9.08871346320435,
      "AVAXUSDT": 8.120977647955009,
      "AXSUSDT": 16.788740269492816,
      "BCHUSDT": 8.063319075084337,
      "BNBUSDT": 5.592916626848879,
      "BOMEUSDT": 10.979367136720837,
      "BTCUSDT": 1.38261290452348,
      "CAKEUSDT": 8.903857144823366,
      "CHZUSDT": 16.813654830523234,
      "COMPUSDT": 10.604130685326226,
      "CRVUSDT": 25.901564418586396,
      "DOGEUSDT": 15.831395228285892,
      "DOTUSDT": 17.72278769302978,
      "ENJUSDT": 14.498178196949457,
      "EOSUSDT": 0.0,
      "ETCUSDT": 11.526799195073115,
      "ETHUSDT": 10.747494048591184,
      "FETUSDT": 17.256543615382636,
      "FLOWUSDT": 25.843273704354463,
      "GALAUSDT": 21.442501723012388,
      "GMTUSDT": 11.1265215795848,
      "GRTUSDT": 16.721847298669474,
      "IMXUSDT": 13.18968203040451,
      "JUPUSDT": 10.552345342029456,
      "LINKUSDT": 17.106176399014263,
      "LTCUSDT": 9.352068640528483,
      "MANAUSDT": 25.76986239073889,
      "METISUSDT": 4.506283682548233,
      "MKRUSDT": 14.00298268732691,
      "NOTUSDT": 15.48787352550538,
      "OPUSDT": 13.05864149857261,
      "REZUSDT": 9.680715694753033,
      "SANDUSDT": 17.173314023366085,
      "SEIUSDT": 16.190749158703635,
      "SNXUSDT": 17.134902383986848,
      "SOLUSDT": 13.288951586489757,
      "STRKUSDT": 16.949200144065465,
      "SUIUSDT": 11.14242121529185,
      "SUSHIUSDT": 22.714107562899592,
      "THETAUSDT": 15.965882884312586,
      "TIAUSDT": 18.12675234447295,
      "TRXUSDT": 3.2690886568411996,
      "UNIUSDT": 10.130408605953724,
      "VETUSDT": 16.344738237410247,
      "WIFUSDT": 17.793592720854225,
      "WLDUSDT": 7.145370009940724,
      "XLMUSDT": 11.193402697434527,
      "XRPUSDT": 7.934055556285947,
      "YFIUSDT": 7.712136215517737
    }
  },
  "indicator_effectiveness": {
    "signal_strength": 0.20980431408971542,
    "rsi_value": NaN,
    "volume_ratio": NaN,
    "profit_loss": 1.0
  },
  "risk_patterns": {}
}