{
  "best_time_sessions": {
    "mean": {
      "ASIA_MAIN": 1.148564117786266,
      "LONDON_OPEN": -23.04367973566529,
      "TRANSITION": 7.113747607996864
    },
    "count": {
      "ASIA_MAIN": 252,
      "LONDON_OPEN": 26,
      "TRANSITION": 722
    },
    "std": {
      "ASIA_MAIN": 18.594731989087077,
      "LONDON_OPEN": 17.60750098268582,
      "TRANSITION": 13.932800434606136
    }
  },
  "symbol_performance": {
    "mean": {
      "1INCHUSDT": 7.218323898668662,
      "ADAUSDT": 5.700123157539496,
      "ALPHAUSDT": 11.371467953135843,
      "AVAXUSDT": 12.324632908479035,
      "AXSUSDT": 8.489657720521535,
      "BCHUSDT": 4.537133722982917,
      "BNBUSDT": 11.161760727796965,
      "BTCUSDT": -10.899741588745858,
      "CAKEUSDT": 3.1479384663437173,
      "CHZUSDT": 10.55011303692514,
      "DOGEUSDT": -0.3311805155381793,
      "DOTUSDT": 20.250575300434623,
      "ETHUSDT": 5.171818348088074,
      "FLOWUSDT": 7.67268445839875,
      "GALAUSDT": -2.953146053921592,
      "GMTUSDT": 10.483624033843762,
      "IMXUSDT": -58.141641007064166,
      "LINKUSDT": 10.354091507785567,
      "LTCUSDT": 10.615881456382949,
      "METISUSDT": 4.880740174857717,
      "MKRUSDT": -65.26383943023643,
      "SEIUSDT": 6.911168448212319,
      "SNXUSDT": -49.450549450549495,
      "SUIUSDT": 15.038473916732531,
      "SUSHIUSDT": 14.900871322136673,
      "THETAUSDT": 7.78274145239423,
      "WIFUSDT": 4.7893729642458025,
      "XLMUSDT": 0.0,
      "XRPUSDT": 5.514286943930836
    },
    "count": {
      "1INCHUSDT": 36,
      "ADAUSDT": 54,
      "ALPHAUSDT": 18,
      "AVAXUSDT": 28,
      "AXSUSDT": 45,
      "BCHUSDT": 72,
      "BNBUSDT": 29,
      "BTCUSDT": 27,
      "CAKEUSDT": 36,
      "CHZUSDT": 18,
      "DOGEUSDT": 116,
      "DOTUSDT": 15,
      "ETHUSDT": 77,
      "FLOWUSDT": 36,
      "GALAUSDT": 23,
      "GMTUSDT": 36,
      "IMXUSDT": 5,
      "LINKUSDT": 42,
      "LTCUSDT": 36,
      "METISUSDT": 27,
      "MKRUSDT": 9,
      "SEIUSDT": 18,
      "SNXUSDT": 5,
      "SUIUSDT": 18,
      "SUSHIUSDT": 18,
      "THETAUSDT": 61,
      "WIFUSDT": 24,
      "XLMUSDT": 9,
      "XRPUSDT": 62
    },
    "std": {
      "1INCHUSDT": 7.4064246368338775,
      "ADAUSDT": 8.139789592646782,
      "ALPHAUSDT": 11.701143989737067,
      "AVAXUSDT": 12.063096437945331,
      "AXSUSDT": 10.143270735441027,
      "BCHUSDT": 9.85736924127799,
      "BNBUSDT": 10.986687172411905,
      "BTCUSDT": 31.68142514197179,
      "CAKEUSDT": 5.5297320820961895,
      "CHZUSDT": 10.85597675355719,
      "DOGEUSDT": 17.156222103294986,
      "DOTUSDT": 17.114859875862532,
      "ETHUSDT": 9.425672303283779,
      "FLOWUSDT": 7.781573197290757,
      "GALAUSDT": 28.603833761289366,
      "GMTUSDT": 11.236236062591061,
      "IMXUSDT": 0.0,
      "LINKUSDT": 12.114357894413036,
      "LTCUSDT": 10.776975791160954,
      "METISUSDT": 3.7951453977389566,
      "MKRUSDT": 0.0,
      "SEIUSDT": 7.111533663299767,
      "SNXUSDT": 0.0,
      "SUIUSDT": 15.474461996532915,
      "SUSHIUSDT": 15.332870094822146,
      "THETAUSDT": 9.161926451738502,
      "WIFUSDT": 6.175666054684778,
      "XLMUSDT": 0.0,
      "XRPUSDT": 8.71499121659714
    }
  },
  "indicator_effectiveness": {
    "signal_strength": 0.4286996660590663,
    "rsi_value": NaN,
    "volume_ratio": NaN,
    "profit_loss": 1.0
  },
  "risk_patterns": {}
}