{
  "best_time_sessions": {
    "mean": {
      "ASIA_MAIN": -2.765150454179023,
      "LONDON_OPEN": -19.636826677663645,
      "TRANSITION": 1.7640239130749975
    },
    "count": {
      "ASIA_MAIN": 168,
      "LONDON_OPEN": 47,
      "TRANSITION": 785
    },
    "std": {
      "ASIA_MAIN": 24.333996736242074,
      "LONDON_OPEN": 12.549879060406392,
      "TRANSITION": 15.5192177083583
    }
  },
  "symbol_performance": {
    "mean": {
      "1INCHUSDT": 6.236709103231188,
      "ADAUSDT": 5.508289946717557,
      "ALPHAUSDT": 11.371467953135843,
      "AVAXUSDT": 4.059207811397878,
      "AXSUSDT": 10.319057617131088,
      "BCHUSDT": 5.408958716936732,
      "BNBUSDT": 10.716547748762517,
      "BTCUSDT": -10.899741588745858,
      "CAKEUSDT": -0.7624762361001954,
      "CHZUSDT": 10.55011303692514,
      "DOGEUSDT": -3.840938904409531,
      "DOTUSDT": 5.5585700899821715,
      "ETHUSDT": 2.6613738832163185,
      "FLOWUSDT": 3.7545007334043974,
      "GALAUSDT": -9.30220180849527,
      "GMTUSDT": 4.38763770468509,
      "IMXUSDT": -43.60623075529813,
      "JUPUSDT": 7.914075749010811,
      "LINKUSDT": 9.663818740599861,
      "LTCUSDT": 2.5981310735908147,
      "MANAUSDT": -60.9137055837564,
      "MKRUSDT": -65.26383943023643,
      "SEIUSDT": 1.294006007324553,
      "SNXUSDT": -37.08791208791212,
      "SUIUSDT": 15.038473916732533,
      "SUSHIUSDT": -1.3466065371016498,
      "THETAUSDT": 8.114449865840509,
      "XLMUSDT": -13.689379478594548,
      "XRPUSDT": -3.8960432498851514
    },
    "count": {
      "1INCHUSDT": 35,
      "ADAUSDT": 51,
      "ALPHAUSDT": 12,
      "AVAXUSDT": 16,
      "AXSUSDT": 24,
      "BCHUSDT": 26,
      "BNBUSDT": 24,
      "BTCUSDT": 18,
      "CAKEUSDT": 83,
      "CHZUSDT": 12,
      "DOGEUSDT": 137,
      "DOTUSDT": 14,
      "ETHUSDT": 126,
      "FLOWUSDT": 48,
      "GALAUSDT": 20,
      "GMTUSDT": 40,
      "IMXUSDT": 8,
      "JUPUSDT": 4,
      "LINKUSDT": 30,
      "LTCUSDT": 27,
      "MANAUSDT": 3,
      "MKRUSDT": 6,
      "SEIUSDT": 47,
      "SNXUSDT": 8,
      "SUIUSDT": 12,
      "SUSHIUSDT": 17,
      "THETAUSDT": 30,
      "XLMUSDT": 44,
      "XRPUSDT": 78
    },
    "std": {
      "1INCHUSDT": 6.642884921313415,
      "ADAUSDT": 6.808321678401144,
      "ALPHAUSDT": 11.877110916343348,
      "AVAXUSDT": 24.083946469962292,
      "AXSUSDT": 10.631983102386227,
      "BCHUSDT": 22.130739718094954,
      "BNBUSDT": 10.95978291493684,
      "BTCUSDT": 31.990519536008506,
      "CAKEUSDT": 9.181815492154419,
      "CHZUSDT": 11.019233685213461,
      "DOGEUSDT": 15.389915095480452,
      "DOTUSDT": 33.02151553952112,
      "ETHUSDT": 7.06101953569779,
      "FLOWUSDT": 12.222249042844764,
      "GALAUSDT": 30.63653111647817,
      "GMTUSDT": 11.155898287838212,
      "IMXUSDT": 26.91434993905001,
      "JUPUSDT": 9.138387528156962,
      "LINKUSDT": 12.05089260357443,
      "LTCUSDT": 25.26431166947465,
      "MANAUSDT": 0.0,
      "MKRUSDT": 0.0,
      "SEIUSDT": 7.622223711390693,
      "SNXUSDT": 22.891156313057614,
      "SUIUSDT": 15.70717373145421,
      "SUSHIUSDT": 34.3323568742545,
      "THETAUSDT": 10.109790259510596,
      "XLMUSDT": 11.159407765189759,
      "XRPUSDT": 13.283273582314866
    }
  },
  "indicator_effectiveness": {
    "signal_strength": 0.34179123049937415,
    "rsi_value": NaN,
    "volume_ratio": NaN,
    "profit_loss": 1.0
  },
  "risk_patterns": {}
}