{
  "best_time_sessions": {
    "mean": {
      "LONDON_MAIN": 20.273968351071268,
      "NY_CLOSE": 2.074806390514828
    },
    "count": {
      "LONDON_MAIN": 933,
      "NY_CLOSE": 67
    },
    "std": {
      "LONDON_MAIN": 28.311798279383115,
      "NY_CLOSE": 7.545744849401296
    }
  },
  "symbol_performance": {
    "mean": {
      "1INCHUSDT": 22.481625594465985,
      "AAVEUSDT": 0.7823140832801591,
      "ADAUSDT": 8.862703628169216,
      "ALGOUSDT": 6.457266731239288,
      "ALPHAUSDT": 14.699895862917822,
      "APTUSDT": 2.9747173649125083,
      "ARBUSDT": 7.049118860142539,
      "ARKMUSDT": -22.555275263392346,
      "ATOMUSDT": 8.892634598423829,
      "AVAXUSDT": 4.541256157635275,
      "AXSUSDT": 3.9347966321542223,
      "BCHUSDT": -1.9863619483248809,
      "BOMEUSDT": 9.354435198781573,
      "BTCUSDT": -1.7840249386983535,
      "CAKEUSDT": 5.681329564066447,
      "COMPUSDT": 7.577807848443681,
      "CRVUSDT": 3.668815912571901,
      "DOGEUSDT": 13.019620884602649,
      "DOTUSDT": 7.930697901415373,
      "ENJUSDT": 13.613159387407798,
      "EOSUSDT": 0.0,
      "ETCUSDT": 6.231893121047509,
      "ETHUSDT": 1.8555359044359352,
      "FETUSDT": 3.629464653963654,
      "FLOWUSDT": 18.935084859764768,
      "GMTUSDT": 7.752267089703796,
      "GRTUSDT": 59.84028319053034,
      "IMXUSDT": 11.211368177290128,
      "JUPUSDT": 7.550018875047008,
      "LINKUSDT": 2.650898101988276,
      "LTCUSDT": 7.561510734994597,
      "MANAUSDT": 12.469926468096624,
      "MATICUSDT": 0.0,
      "METISUSDT": 15.089514066496113,
      "MKRUSDT": 0.0,
      "NOTUSDT": 10.774511347314055,
      "REZUSDT": 12.030075187969956,
      "SANDUSDT": 9.629694422966539,
      "SEIUSDT": -1.556779396752164e-13,
      "SNXUSDT": 12.217570186856019,
      "SOLUSDT": -3.730359423344089,
      "STRKUSDT": 9.502598366741179,
      "SUIUSDT": -0.6439249703578749,
      "SUSHIUSDT": 22.10905477580413,
      "THETAUSDT": 13.278937684985102,
      "TIAUSDT": 100.46677039342055,
      "TRXUSDT": -0.33359442028668684,
      "UNIUSDT": 7.0555865190342715,
      "VETUSDT": 19.306405548755613,
      "WIFUSDT": 18.3284786018375,
      "XLMUSDT": 3.1472559698367104,
      "XRPUSDT": 3.1234271841784693,
      "YFIUSDT": 4.779549760076883
    },
    "count": {
      "1INCHUSDT": 9,
      "AAVEUSDT": 20,
      "ADAUSDT": 9,
      "ALGOUSDT": 9,
      "ALPHAUSDT": 20,
      "APTUSDT": 9,
      "ARBUSDT": 10,
      "ARKMUSDT": 8,
      "ATOMUSDT": 36,
      "AVAXUSDT": 10,
      "AXSUSDT": 30,
      "BCHUSDT": 27,
      "BOMEUSDT": 9,
      "BTCUSDT": 18,
      "CAKEUSDT": 20,
      "COMPUSDT": 10,
      "CRVUSDT": 19,
      "DOGEUSDT": 10,
      "DOTUSDT": 18,
      "ENJUSDT": 9,
      "EOSUSDT": 9,
      "ETCUSDT": 18,
      "ETHUSDT": 10,
      "FETUSDT": 9,
      "FLOWUSDT": 19,
      "GMTUSDT": 18,
      "GRTUSDT": 225,
      "IMXUSDT": 19,
      "JUPUSDT": 9,
      "LINKUSDT": 18,
      "LTCUSDT": 9,
      "MANAUSDT": 9,
      "MATICUSDT": 30,
      "METISUSDT": 10,
      "MKRUSDT": 10,
      "NOTUSDT": 18,
      "REZUSDT": 10,
      "SANDUSDT": 18,
      "SEIUSDT": 9,
      "SNXUSDT": 20,
      "SOLUSDT": 20,
      "STRKUSDT": 10,
      "SUIUSDT": 9,
      "SUSHIUSDT": 10,
      "THETAUSDT": 9,
      "TIAUSDT": 8,
      "TRXUSDT": 41,
      "UNIUSDT": 19,
      "VETUSDT": 10,
      "WIFUSDT": 10,
      "XLMUSDT": 20,
      "XRPUSDT": 9,
      "YFIUSDT": 18
    },
    "std": {
      "1INCHUSDT": 21.39881294281739,
      "AAVEUSDT": 1.7479739579149518,
      "ADAUSDT": 8.4941789574071,
      "ALGOUSDT": 6.401014809032947,
      "ALPHAUSDT": 13.05109403360558,
      "APTUSDT": 3.5568392599645935,
      "ARBUSDT": 7.124767268457444,
      "ARKMUSDT": 24.11260351428329,
      "ATOMUSDT": 16.549192396630456,
      "AVAXUSDT": 4.073054647649045,
      "AXSUSDT": 6.222085485575595,
      "BCHUSDT": 2.5283952564781638,
      "BOMEUSDT": 9.429390293228629,
      "BTCUSDT": 1.7091493292475974,
      "CAKEUSDT": 6.2064253491788755,
      "COMPUSDT": 7.156565824396119,
      "CRVUSDT": 4.935586246430698,
      "DOGEUSDT": 11.283846166977401,
      "DOTUSDT": 4.003781039698122,
      "ENJUSDT": 13.01817063814914,
      "EOSUSDT": 0.0,
      "ETCUSDT": 6.707987560803755,
      "ETHUSDT": 1.6807135119434493,
      "FETUSDT": 4.3889728834240325,
      "FLOWUSDT": 17.898021760488106,
      "GMTUSDT": 9.10778083817543,
      "GRTUSDT": 13.14657344812491,
      "IMXUSDT": 11.164384566669238,
      "JUPUSDT": 7.4550463035602474,
      "LINKUSDT": 2.6532968368008345,
      "LTCUSDT": 7.312098421794362,
      "MANAUSDT": 12.134287535937169,
      "MATICUSDT": 0.0,
      "METISUSDT": 13.231844483335456,
      "MKRUSDT": 0.0,
      "NOTUSDT": 10.430116602407697,
      "REZUSDT": 11.161214190922099,
      "SANDUSDT": 9.428291002513125,
      "SEIUSDT": 2.7509617819757497,
      "SNXUSDT": 12.282907316253052,
      "SOLUSDT": 3.467178310489806,
      "STRKUSDT": 9.576549663903469,
      "SUIUSDT": 1.7522407879836912,
      "SUSHIUSDT": 19.703173260619042,
      "THETAUSDT": 12.887661705877088,
      "TIAUSDT": 107.40349530510386,
      "TRXUSDT": 4.014010469775727,
      "UNIUSDT": 6.511066438723258,
      "VETUSDT": 16.66209029366318,
      "WIFUSDT": 16.088949765742267,
      "XLMUSDT": 3.3304875572118653,
      "XRPUSDT": 3.0043379264470285,
      "YFIUSDT": 5.239669467363517
    }
  },
  "indicator_effectiveness": {
    "signal_strength": -0.48267964697956334,
    "rsi_value": NaN,
    "volume_ratio": NaN,
    "profit_loss": 1.0
  },
  "risk_patterns": {}
}