{
  "best_time_sessions": {
    "mean": {
      "ASIA_MAIN": -5.23272688305689,
      "TRANSITION": 4.269980720050793
    },
    "count": {
      "ASIA_MAIN": 390,
      "TRANSITION": 610
    },
    "std": {
      "ASIA_MAIN": 26.013896264214623,
      "TRANSITION": 21.110562185086266
    }
  },
  "symbol_performance": {
    "mean": {
      "1INCHUSDT": 8.382671903394074,
      "ADAUSDT": 4.599999999999938,
      "ALPHAUSDT": 11.912966427094693,
      "AVAXUSDT": -5.31546577993225,
      "AXSUSDT": 10.523875176228067,
      "BCHUSDT": -3.368054498899779,
      "BNBUSDT": 10.716547748762519,
      "BTCUSDT": -10.899741588745858,
      "CHZUSDT": 10.55011303692514,
      "DOGEUSDT": 8.05536741846742,
      "DOTUSDT": -9.53064234608007,
      "ETHUSDT": 8.849555840061816,
      "FLOWUSDT": 1.879813880309135,
      "GALAUSDT": -7.751834840412725,
      "GMTUSDT": 7.949891592387305,
      "IMXUSDT": -29.070820503532083,
      "JUPUSDT": 7.914075749010811,
      "LINKUSDT": 9.86103953122435,
      "LTCUSDT": -3.8160692326428944,
      "MANAUSDT": -60.9137055837564,
      "MKRUSDT": -65.26383943023643,
      "SNXUSDT": -24.725274725274748,
      "SUIUSDT": 15.038473916732531,
      "SUSHIUSDT": -9.358128255295675,
      "THETAUSDT": 8.280050883510725,
      "XRPUSDT": 7.388750029402282
    },
    "count": {
      "1INCHUSDT": 21,
      "ADAUSDT": 40,
      "ALPHAUSDT": 21,
      "AVAXUSDT": 40,
      "AXSUSDT": 41,
      "BCHUSDT": 50,
      "BNBUSDT": 40,
      "BTCUSDT": 30,
      "CHZUSDT": 20,
      "DOGEUSDT": 59,
      "DOTUSDT": 30,
      "ETHUSDT": 50,
      "FLOWUSDT": 161,
      "GALAUSDT": 40,
      "GMTUSDT": 20,
      "IMXUSDT": 20,
      "JUPUSDT": 20,
      "LINKUSDT": 49,
      "LTCUSDT": 50,
      "MANAUSDT": 10,
      "MKRUSDT": 10,
      "SNXUSDT": 20,
      "SUIUSDT": 20,
      "SUSHIUSDT": 40,
      "THETAUSDT": 49,
      "XRPUSDT": 49
    },
    "std": {
      "1INCHUSDT": 8.189941039412036,
      "ADAUSDT": 7.564115996985324,
      "ALPHAUSDT": 11.639068517389633,
      "AVAXUSDT": 27.387629923566713,
      "AXSUSDT": 10.490427216934135,
      "BCHUSDT": 30.453630082533017,
      "BNBUSDT": 10.865705784712462,
      "BTCUSDT": 31.620674510537523,
      "CHZUSDT": 10.824187587936555,
      "DOGEUSDT": 11.49216503615105,
      "DOTUSDT": 40.48526002743398,
      "ETHUSDT": 10.949798067616653,
      "FLOWUSDT": 13.40165187540322,
      "GALAUSDT": 27.82867323682501,
      "GMTUSDT": 8.156416675213148,
      "IMXUSDT": 29.826032513977157,
      "JUPUSDT": 8.119670395247192,
      "LINKUSDT": 12.010295329785293,
      "LTCUSDT": 30.696978651506697,
      "MANAUSDT": 0.0,
      "MKRUSDT": 0.0,
      "SNXUSDT": 25.367596617490094,
      "SUIUSDT": 15.429148686964815,
      "SUSHIUSDT": 36.013853252471506,
      "THETAUSDT": 10.075608402809856,
      "XRPUSDT": 9.409358160137161
    }
  },
  "indicator_effectiveness": {
    "signal_strength": 0.5202334628749272,
    "rsi_value": NaN,
    "volume_ratio": NaN,
    "profit_loss": 1.0
  },
  "risk_patterns": {}
}