{
  "best_time_sessions": {
    "mean": {
      "NY_OVERLAP": -13.017594086502257
    },
    "count": {
      "NY_OVERLAP": 1000
    },
    "std": {
      "NY_OVERLAP": 10.413868928138085
    }
  },
  "symbol_performance": {
    "mean": {
      "APTUSDT": -4.010010064208647,
      "CAKEUSDT": -12.65811419564896,
      "ETCUSDT": -12.408039262415103,
      "FETUSDT": -17.92579062506664,
      "FLOWUSDT": 1.458688953515857,
      "GMTUSDT": 6.653992395437322,
      "LTCUSDT": 7.333934475503448,
      "WLDUSDT": -19.561710290092048
    },
    "count": {
      "APTUSDT": 196,
      "CAKEUSDT": 197,
      "ETCUSDT": 196,
      "FETUSDT": 197,
      "FLOWUSDT": 12,
      "GMTUSDT": 3,
      "LTCUSDT": 3,
      "WLDUSDT": 196
    },
    "std": {
      "APTUSDT": 7.566838372326893,
      "CAKEUSDT": 5.604562606770682,
      "ETCUSDT": 5.865264346419339,
      "FETUSDT": 8.66916036086852,
      "FLOWUSDT": 30.80808687598236,
      "GMTUSDT": 11.525052902074382,
      "LTCUSDT": 12.702747130952979,
      "WLDUSDT": 11.207196010357617
    }
  },
  "indicator_effectiveness": {
    "signal_strength": NaN,
    "rsi_value": NaN,
    "volume_ratio": NaN,
    "profit_loss": 1.0
  },
  "risk_patterns": {}
}