{
  "best_time_sessions": {
    "mean": {
      "NY_CLOSE": -3.1906146620929174,
      "NY_MAIN": 6.334724318189017
    },
    "count": {
      "NY_CLOSE": 776,
      "NY_MAIN": 224
    },
    "std": {
      "NY_CLOSE": 12.641332045504248,
      "NY_MAIN": 23.30448747373553
    }
  },
  "symbol_performance": {
    "mean": {
      "1INCHUSDT": -8.438818565400895,
      "AAVEUSDT": -5.761698284182708,
      "ADAUSDT": -1.322095521401505,
      "ALGOUSDT": -10.363636363636381,
      "ALPHAUSDT": 5.569942052067641,
      "APTUSDT": -5.238272234563874,
      "ARBUSDT": -5.002084201750725,
      "ARKMUSDT": 5.385092945859938,
      "ATOMUSDT": -6.180314861986875,
      "AVAXUSDT": -3.6390287806923483,
      "AXSUSDT": 4.773961995923946,
      "BCHUSDT": -5.122237813294948,
      "BNBUSDT": -3.178147268408523,
      "BOMEUSDT": -10.278758092230687,
      "BTCUSDT": 10.552594931002233,
      "CAKEUSDT": -8.775549132017987,
      "CHZUSDT": 5.268917931601145,
      "COMPUSDT": -7.265724165098311,
      "CRVUSDT": 2.635629212520393,
      "DOGEUSDT": 3.5227186131641446,
      "DOTUSDT": 3.597580254878369,
      "ENJUSDT": 2.558334091617359,
      "EOSUSDT": 0.0,
      "ETCUSDT": -6.616691654172833,
      "ETHUSDT": 10.356544405138708,
      "FETUSDT": 4.999189371678078,
      "FLOWUSDT": -21.557067271353006,
      "GALAUSDT": 2.409340481699479,
      "GMTUSDT": -6.223337515683911,
      "GRTUSDT": 4.886374815238954,
      "IMXUSDT": -9.039464981259588,
      "JUPUSDT": -7.172013886239582,
      "LINKUSDT": 4.482881128812482,
      "LTCUSDT": -9.83906952200216,
      "MANAUSDT": -21.771016185267392,
      "METISUSDT": -2.490942028985615,
      "MKRUSDT": -9.021876435461714,
      "NOTUSDT": 4.239341085271329,
      "OPUSDT": -12.293700721551337,
      "REZUSDT": 7.765658002970951,
      "SANDUSDT": 5.475323277763317,
      "SEIUSDT": 2.9007161248145445,
      "SNXUSDT": 4.654662099900261,
      "SOLUSDT": -8.935835487133383,
      "STRKUSDT": 3.2910361248014066,
      "SUIUSDT": -7.602662616405129,
      "SUSHIUSDT": 1.4810733948543562,
      "THETAUSDT": 3.9566239262249066,
      "TIAUSDT": 5.094802718161656,
      "TRXUSDT": -1.5109356522503732,
      "UNIUSDT": -9.571859757150692,
      "VETUSDT": 5.324283175013875,
      "WIFUSDT": 2.261442740065556,
      "WLDUSDT": -5.188372577313424,
      "XLMUSDT": -7.602694560453198,
      "XRPUSDT": -1.3567634646139481,
      "YFIUSDT": -5.881237675022542
    },
    "count": {
      "1INCHUSDT": 11,
      "AAVEUSDT": 11,
      "ADAUSDT": 12,
      "ALGOUSDT": 11,
      "ALPHAUSDT": 27,
      "APTUSDT": 11,
      "ARBUSDT": 11,
      "ARKMUSDT": 19,
      "ATOMUSDT": 11,
      "AVAXUSDT": 22,
      "AXSUSDT": 26,
      "BCHUSDT": 12,
      "BNBUSDT": 10,
      "BOMEUSDT": 14,
      "BTCUSDT": 4,
      "CAKEUSDT": 16,
      "CHZUSDT": 19,
      "COMPUSDT": 11,
      "CRVUSDT": 18,
      "DOGEUSDT": 26,
      "DOTUSDT": 27,
      "ENJUSDT": 34,
      "EOSUSDT": 10,
      "ETCUSDT": 10,
      "ETHUSDT": 16,
      "FETUSDT": 27,
      "FLOWUSDT": 27,
      "GALAUSDT": 19,
      "GMTUSDT": 10,
      "GRTUSDT": 26,
      "IMXUSDT": 11,
      "JUPUSDT": 11,
      "LINKUSDT": 19,
      "LTCUSDT": 15,
      "MANAUSDT": 27,
      "METISUSDT": 12,
      "MKRUSDT": 12,
      "NOTUSDT": 26,
      "OPUSDT": 14,
      "REZUSDT": 27,
      "SANDUSDT": 18,
      "SEIUSDT": 27,
      "SNXUSDT": 26,
      "SOLUSDT": 11,
      "STRKUSDT": 27,
      "SUIUSDT": 11,
      "SUSHIUSDT": 19,
      "THETAUSDT": 26,
      "TIAUSDT": 18,
      "TRXUSDT": 19,
      "UNIUSDT": 14,
      "VETUSDT": 19,
      "WIFUSDT": 27,
      "WLDUSDT": 14,
      "XLMUSDT": 11,
      "XRPUSDT": 16,
      "YFIUSDT": 15
    },
    "std": {
      "1INCHUSDT": 11.766025355566905,
      "AAVEUSDT": 8.324180258832246,
      "ADAUSDT": 2.280157482096273,
      "ALGOUSDT": 14.472544539732676,
      "ALPHAUSDT": 19.177311809949735,
      "APTUSDT": 7.299274503498974,
      "ARBUSDT": 7.044478590838704,
      "ARKMUSDT": 17.885029028261872,
      "ATOMUSDT": 8.74539115033603,
      "AVAXUSDT": 7.611904493235707,
      "AXSUSDT": 15.25566936901478,
      "BCHUSDT": 7.5966373039720905,
      "BNBUSDT": 5.152512448168896,
      "BOMEUSDT": 11.266656763434554,
      "BTCUSDT": 1.5843523974778364,
      "CAKEUSDT": 9.16420309634926,
      "CHZUSDT": 16.05879996181147,
      "COMPUSDT": 10.12094435186688,
      "CRVUSDT": 24.14896384971944,
      "DOGEUSDT": 13.911685123017516,
      "DOTUSDT": 16.29424674225622,
      "ENJUSDT": 12.664712467785506,
      "EOSUSDT": 0.0,
      "ETCUSDT": 10.700598203171825,
      "ETHUSDT": 10.69619306809595,
      "FETUSDT": 16.14773629823111,
      "FLOWUSDT": 27.004353138313892,
      "GALAUSDT": 19.54296458490821,
      "GMTUSDT": 10.157378682598711,
      "GRTUSDT": 15.175499410418203,
      "IMXUSDT": 12.735012409882588,
      "JUPUSDT": 10.066886947061123,
      "LINKUSDT": 15.933213439364149,
      "LTCUSDT": 9.555351258438751,
      "MANAUSDT": 27.01773972577665,
      "METISUSDT": 3.9222165026470535,
      "MKRUSDT": 13.331829517611332,
      "NOTUSDT": 14.088068781624566,
      "OPUSDT": 13.114380715044897,
      "REZUSDT": 9.948765718088165,
      "SANDUSDT": 16.269893326557487,
      "SEIUSDT": 14.836516544050626,
      "SNXUSDT": 15.817047705618691,
      "SOLUSDT": 12.479531790696448,
      "STRKUSDT": 15.80394152262598,
      "SUIUSDT": 10.645519940651933,
      "SUSHIUSDT": 20.45861042552586,
      "THETAUSDT": 14.209475425688792,
      "TIAUSDT": 16.064080056984277,
      "TRXUSDT": 3.0369768504426515,
      "UNIUSDT": 10.16337415690989,
      "VETUSDT": 15.490822473544943,
      "WIFUSDT": 16.504656880365477,
      "WLDUSDT": 6.651645012144006,
      "XLMUSDT": 10.670990336273306,
      "XRPUSDT": 7.416700764874656,
      "YFIUSDT": 7.503956968651844
    }
  },
  "indicator_effectiveness": {
    "signal_strength": 0.20126966873472552,
    "rsi_value": NaN,
    "volume_ratio": NaN,
    "profit_loss": 1.0
  },
  "risk_patterns": {}
}