{
  "best_time_sessions": {
    "mean": {
      "ASIA_MAIN": 0.9138075588319533,
      "LONDON_OPEN": -19.59021858183741,
      "TRANSITION": 4.9811127123956735
    },
    "count": {
      "ASIA_MAIN": 154,
      "LONDON_OPEN": 55,
      "TRANSITION": 791
    },
    "std": {
      "ASIA_MAIN": 20.87012546060017,
      "LONDON_OPEN": 13.764327575180324,
      "TRANSITION": 13.238379073696917
    }
  },
  "symbol_performance": {
    "mean": {
      "1INCHUSDT": 6.350403395951243,
      "ADAUSDT": 5.700123157539496,
      "ALPHAUSDT": 11.371467953135843,
      "AVAXUSDT": 12.68526906276966,
      "AXSUSDT": 8.80829813195354,
      "BCHUSDT": 7.508909200201537,
      "BNBUSDT": 11.174471373956171,
      "BTCUSDT": -10.899741588745858,
      "CAKEUSDT": 0.529561697403326,
      "CHZUSDT": 10.55011303692514,
      "DOGEUSDT": -3.4377932661058757,
      "DOTUSDT": 18.173593218338763,
      "ETHUSDT": 2.6177992309349323,
      "FLOWUSDT": 7.6726844583987495,
      "GALAUSDT": -5.867343580222397,
      "GMTUSDT": 10.483624033843762,
      "IMXUSDT": -58.141641007064166,
      "LINKUSDT": 9.948048703558682,
      "LTCUSDT": 10.61588145638295,
      "MKRUSDT": -65.26383943023643,
      "SEIUSDT": 0.9214891264280367,
      "SNXUSDT": -49.450549450549495,
      "SUIUSDT": 15.038473916732531,
      "SUSHIUSDT": 14.900871322136675,
      "THETAUSDT": 7.696218283528521,
      "WIFUSDT": 4.789843386892309,
      "XLMUSDT": 0.0,
      "XRPUSDT": 5.426758579741458
    },
    "count": {
      "1INCHUSDT": 45,
      "ADAUSDT": 42,
      "ALPHAUSDT": 14,
      "AVAXUSDT": 20,
      "AXSUSDT": 34,
      "BCHUSDT": 38,
      "BNBUSDT": 25,
      "BTCUSDT": 21,
      "CAKEUSDT": 84,
      "CHZUSDT": 14,
      "DOGEUSDT": 167,
      "DOTUSDT": 13,
      "ETHUSDT": 145,
      "FLOWUSDT": 28,
      "GALAUSDT": 19,
      "GMTUSDT": 28,
      "IMXUSDT": 5,
      "LINKUSDT": 34,
      "LTCUSDT": 28,
      "MKRUSDT": 7,
      "SEIUSDT": 36,
      "SNXUSDT": 5,
      "SUIUSDT": 14,
      "SUSHIUSDT": 14,
      "THETAUSDT": 46,
      "WIFUSDT": 18,
      "XLMUSDT": 7,
      "XRPUSDT": 49
    },
    "std": {
      "1INCHUSDT": 6.683832482771134,
      "ADAUSDT": 8.16181883345137,
      "ALPHAUSDT": 11.800729989573776,
      "AVAXUSDT": 12.16402617034611,
      "AXSUSDT": 10.17111180921422,
      "BCHUSDT": 11.13859311198086,
      "BNBUSDT": 10.970611847463111,
      "BTCUSDT": 31.856946846000127,
      "CAKEUSDT": 9.257097835575914,
      "CHZUSDT": 10.948369711045387,
      "DOGEUSDT": 15.571649525500716,
      "DOTUSDT": 17.512512620681562,
      "ETHUSDT": 7.026785857118968,
      "FLOWUSDT": 7.8135305112151,
      "GALAUSDT": 30.366124406428423,
      "GMTUSDT": 11.282380963381211,
      "IMXUSDT": 0.0,
      "LINKUSDT": 12.082138438149046,
      "LTCUSDT": 10.821234604871412,
      "MKRUSDT": 0.0,
      "SEIUSDT": 8.915139419423566,
      "SNXUSDT": 0.0,
      "SUIUSDT": 15.606161920165297,
      "SUSHIUSDT": 15.463364959264332,
      "THETAUSDT": 9.23528256818315,
      "WIFUSDT": 5.951265983161525,
      "XLMUSDT": 0.0,
      "XRPUSDT": 8.692347186457015
    }
  },
  "indicator_effectiveness": {
    "signal_strength": 0.368188371916976,
    "rsi_value": NaN,
    "volume_ratio": NaN,
    "profit_loss": 1.0
  },
  "risk_patterns": {}
}