{
  "best_time_sessions": {
    "mean": {
      "ASIA_MAIN": -0.4701009229075594,
      "LONDON_MAIN": 3.8005607380501565
    },
    "count": {
      "ASIA_MAIN": 754,
      "LONDON_MAIN": 246
    },
    "std": {
      "ASIA_MAIN": 10.545072086020848,
      "LONDON_MAIN": 32.00141636269785
    }
  },
  "symbol_performance": {
    "mean": {
      "1INCHUSDT": 0.0,
      "AAVEUSDT": 0.0,
      "ADAUSDT": 0.0,
      "ALGOUSDT": 0.0,
      "ALPHAUSDT": 0.0,
      "APTUSDT": 0.0,
      "ARBUSDT": 0.0,
      "ARKMUSDT": -4.61820950768478,
      "ATOMUSDT": 0.0,
      "AVAXUSDT": 0.0,
      "AXSUSDT": 0.0,
      "BCHUSDT": 0.0,
      "BNBUSDT": -6.4916595467899025,
      "BOMEUSDT": 0.0,
      "BTCUSDT": 0.0,
      "CAKEUSDT": 0.0,
      "CHZUSDT": 6.631927996210386,
      "COMPUSDT": 0.0,
      "CRVUSDT": 0.0,
      "DOGEUSDT": -27.060359837492626,
      "DOTUSDT": -4.7995324108939315,
      "EOSUSDT": 0.0,
      "ETCUSDT": 7.328563483915031,
      "FETUSDT": 0.0,
      "FLOWUSDT": 5.775577557755781,
      "GMTUSDT": 0.0,
      "GRTUSDT": 11.11503175723369,
      "IMXUSDT": 0.0,
      "JUPUSDT": 0.0,
      "LINKUSDT": 0.0,
      "MATICUSDT": 0.0,
      "METISUSDT": 0.0,
      "MKRUSDT": 0.0,
      "NOTUSDT": 0.0,
      "REZUSDT": 8.873239436619661,
      "SANDUSDT": 0.0,
      "SEIUSDT": 0.0,
      "SNXUSDT": 0.0,
      "STRKUSDT": 0.0,
      "SUIUSDT": 0.0,
      "SUSHIUSDT": 0.0,
      "THETAUSDT": 0.0,
      "TIAUSDT": 100.46677039342053,
      "TRXUSDT": 0.39409880776042694,
      "UNIUSDT": 4.409911801763968,
      "VETUSDT": -9.912599774350733,
      "WIFUSDT": 0.0,
      "WLDUSDT": 21.803900325026998,
      "XLMUSDT": 0.0,
      "XRPUSDT": 0.0,
      "YFIUSDT": 4.405183665858662
    },
    "count": {
      "1INCHUSDT": 6,
      "AAVEUSDT": 12,
      "ADAUSDT": 6,
      "ALGOUSDT": 12,
      "ALPHAUSDT": 12,
      "APTUSDT": 12,
      "ARBUSDT": 6,
      "ARKMUSDT": 30,
      "ATOMUSDT": 12,
      "AVAXUSDT": 12,
      "AXSUSDT": 18,
      "BCHUSDT": 6,
      "BNBUSDT": 93,
      "BOMEUSDT": 6,
      "BTCUSDT": 12,
      "CAKEUSDT": 6,
      "CHZUSDT": 18,
      "COMPUSDT": 6,
      "CRVUSDT": 6,
      "DOGEUSDT": 12,
      "DOTUSDT": 86,
      "EOSUSDT": 6,
      "ETCUSDT": 64,
      "FETUSDT": 12,
      "FLOWUSDT": 18,
      "GMTUSDT": 12,
      "GRTUSDT": 12,
      "IMXUSDT": 18,
      "JUPUSDT": 12,
      "LINKUSDT": 12,
      "MATICUSDT": 18,
      "METISUSDT": 6,
      "MKRUSDT": 12,
      "NOTUSDT": 12,
      "REZUSDT": 50,
      "SANDUSDT": 6,
      "SEIUSDT": 12,
      "SNXUSDT": 12,
      "STRKUSDT": 12,
      "SUIUSDT": 6,
      "SUSHIUSDT": 6,
      "THETAUSDT": 12,
      "TIAUSDT": 12,
      "TRXUSDT": 86,
      "UNIUSDT": 24,
      "VETUSDT": 93,
      "WIFUSDT": 6,
      "WLDUSDT": 12,
      "XLMUSDT": 12,
      "XRPUSDT": 12,
      "YFIUSDT": 24
    },
    "std": {
      "1INCHUSDT": 0.0,
      "AAVEUSDT": 0.0,
      "ADAUSDT": 0.0,
      "ALGOUSDT": 0.0,
      "ALPHAUSDT": 0.0,
      "APTUSDT": 0.0,
      "ARBUSDT": 0.0,
      "ARKMUSDT": 22.344547983019254,
      "ATOMUSDT": 0.0,
      "AVAXUSDT": 0.0,
      "AXSUSDT": 0.0,
      "BCHUSDT": 0.0,
      "BNBUSDT": 4.142223475189773,
      "BOMEUSDT": 0.0,
      "BTCUSDT": 0.0,
      "CAKEUSDT": 0.0,
      "CHZUSDT": 9.650872810541049,
      "COMPUSDT": 0.0,
      "CRVUSDT": 0.0,
      "DOGEUSDT": 28.26362405897055,
      "DOTUSDT": 4.467074777694005,
      "EOSUSDT": 0.0,
      "ETCUSDT": 6.20216284086094,
      "FETUSDT": 0.0,
      "FLOWUSDT": 8.404699877496695,
      "GMTUSDT": 0.0,
      "GRTUSDT": 11.60927204503429,
      "IMXUSDT": 0.0,
      "JUPUSDT": 0.0,
      "LINKUSDT": 0.0,
      "MATICUSDT": 0.0,
      "METISUSDT": 0.0,
      "MKRUSDT": 0.0,
      "NOTUSDT": 0.0,
      "REZUSDT": 8.834808209295812,
      "SANDUSDT": 0.0,
      "SEIUSDT": 0.0,
      "SNXUSDT": 0.0,
      "STRKUSDT": 0.0,
      "SUIUSDT": 0.0,
      "SUSHIUSDT": 0.0,
      "THETAUSDT": 0.0,
      "TIAUSDT": 104.93411934915571,
      "TRXUSDT": 1.2438677997897722,
      "UNIUSDT": 7.802472270271757,
      "VETUSDT": 9.92063013261965,
      "WIFUSDT": 0.0,
      "WLDUSDT": 22.773431155634267,
      "XLMUSDT": 0.0,
      "XRPUSDT": 0.0,
      "YFIUSDT": 7.794106762989622
    }
  },
  "indicator_effectiveness": {
    "signal_strength": -0.1750422236291089,
    "rsi_value": NaN,
    "volume_ratio": NaN,
    "profit_loss": 1.0
  },
  "risk_patterns": {}
}