{
  "best_time_sessions": {
    "mean": {
      "NY_CLOSE": -9.809667387102785,
      "NY_MAIN": 0.49636187995402314
    },
    "count": {
      "NY_CLOSE": 801,
      "NY_MAIN": 199
    },
    "std": {
      "NY_CLOSE": 13.671537744346546,
      "NY_MAIN": 22.026174952737513
    }
  },
  "symbol_performance": {
    "mean": {
      "1INCHUSDT": -14.908579465541607,
      "AAVEUSDT": -10.866153662997617,
      "ADAUSDT": -2.337276011049077,
      "ALGOUSDT": -18.666666666666647,
      "ALPHAUSDT": -1.3563945841154819,
      "APTUSDT": -8.961681087762473,
      "ARBUSDT": -9.4483812699736,
      "ARKMUSDT": -3.2292004322364547,
      "ATOMUSDT": -11.024345429490133,
      "AVAXUSDT": -5.747382639557998,
      "AXSUSDT": -2.8297524383316004,
      "BCHUSDT": -9.758816425711217,
      "BNBUSDT": -6.840855106888395,
      "BOMEUSDT": -16.5555442980448,
      "BTCUSDT": 10.159126865216452,
      "CAKEUSDT": -13.817669890998298,
      "CHZUSDT": -1.7584576501521325,
      "COMPUSDT": -13.77726750861084,
      "CRVUSDT": -10.532614547412237,
      "DOGEUSDT": -4.0288456666548536,
      "DOTUSDT": -4.295510470658029,
      "ENJUSDT": -3.6845020147882783,
      "EOSUSDT": 0.0,
      "ETCUSDT": -14.192903548225715,
      "ETHUSDT": 10.356544405138708,
      "FETUSDT": -1.9225997737490628,
      "FLOWUSDT": -24.134871339840302,
      "GALAUSDT": -10.692616344652135,
      "GMTUSDT": -13.467168548724679,
      "GRTUSDT": -2.46543817873652,
      "IMXUSDT": -15.966046887631292,
      "JUPUSDT": -13.686690984215003,
      "LINKUSDT": -5.407368699825502,
      "LTCUSDT": -14.596549617832078,
      "MANAUSDT": -23.45351022099606,
      "METISUSDT": -6.061872909699163,
      "MKRUSDT": -16.556393767004828,
      "NOTUSDT": -2.4743909191583984,
      "OPUSDT": -20.408619772552292,
      "REZUSDT": 7.199345843177363,
      "SANDUSDT": -3.5169956021287034,
      "SEIUSDT": -4.436738714737409,
      "SNXUSDT": -3.3040859171262,
      "SOLUSDT": -16.695508858673254,
      "STRKUSDT": -3.868273552297687,
      "SUIUSDT": -13.938214796742736,
      "SUSHIUSDT": -10.937967801201085,
      "THETAUSDT": -3.2939911558567117,
      "TIAUSDT": -6.381126271863915,
      "TRXUSDT": -2.1481557549258907,
      "UNIUSDT": -15.222454397526127,
      "VETUSDT": -1.9226273388034447,
      "WIFUSDT": -5.301959714548239,
      "WLDUSDT": -8.77077153225956,
      "XLMUSDT": -14.669102764679737,
      "XRPUSDT": -2.2704824809179347,
      "YFIUSDT": -8.201986976476125
    },
    "count": {
      "1INCHUSDT": 12,
      "AAVEUSDT": 12,
      "ADAUSDT": 14,
      "ALGOUSDT": 12,
      "ALPHAUSDT": 22,
      "APTUSDT": 12,
      "ARBUSDT": 12,
      "ARKMUSDT": 17,
      "ATOMUSDT": 12,
      "AVAXUSDT": 25,
      "AXSUSDT": 22,
      "BCHUSDT": 14,
      "BNBUSDT": 12,
      "BOMEUSDT": 20,
      "BTCUSDT": 8,
      "CAKEUSDT": 22,
      "CHZUSDT": 17,
      "COMPUSDT": 13,
      "CRVUSDT": 16,
      "DOGEUSDT": 22,
      "DOTUSDT": 23,
      "ENJUSDT": 27,
      "EOSUSDT": 12,
      "ETCUSDT": 12,
      "ETHUSDT": 10,
      "FETUSDT": 23,
      "FLOWUSDT": 23,
      "GALAUSDT": 17,
      "GMTUSDT": 12,
      "GRTUSDT": 22,
      "IMXUSDT": 12,
      "JUPUSDT": 13,
      "LINKUSDT": 17,
      "LTCUSDT": 20,
      "MANAUSDT": 23,
      "METISUSDT": 13,
      "MKRUSDT": 13,
      "NOTUSDT": 22,
      "OPUSDT": 20,
      "REZUSDT": 22,
      "SANDUSDT": 17,
      "SEIUSDT": 23,
      "SNXUSDT": 22,
      "SOLUSDT": 12,
      "STRKUSDT": 22,
      "SUIUSDT": 12,
      "SUSHIUSDT": 18,
      "THETAUSDT": 22,
      "TIAUSDT": 16,
      "TRXUSDT": 29,
      "UNIUSDT": 20,
      "VETUSDT": 17,
      "WIFUSDT": 22,
      "WLDUSDT": 20,
      "XLMUSDT": 13,
      "XRPUSDT": 23,
      "YFIUSDT": 20
    },
    "std": {
      "1INCHUSDT": 11.121868876711977,
      "AAVEUSDT": 8.445071196009142,
      "ADAUSDT": 2.3691697411935406,
      "ALGOUSDT": 13.943609375776482,
      "ALPHAUSDT": 21.012536575200983,
      "APTUSDT": 6.747884583596309,
      "ARBUSDT": 7.975285689416526,
      "ARKMUSDT": 19.940524545276972,
      "ATOMUSDT": 8.337566731016553,
      "AVAXUSDT": 8.979098845926842,
      "AXSUSDT": 18.31274752426867,
      "BCHUSDT": 7.593962922656769,
      "BNBUSDT": 5.107395534567421,
      "BOMEUSDT": 9.477210099307165,
      "BTCUSDT": 1.3097995922485817,
      "CAKEUSDT": 7.793139219723977,
      "CHZUSDT": 17.246687686104583,
      "COMPUSDT": 9.616301770505563,
      "CRVUSDT": 26.776135663407597,
      "DOGEUSDT": 17.40106484399099,
      "DOTUSDT": 19.10798384197398,
      "ENJUSDT": 16.37251515855553,
      "EOSUSDT": 0.0,
      "ETCUSDT": 10.55777851937816,
      "ETHUSDT": 10.916756336303983,
      "FETUSDT": 18.00333323313116,
      "FLOWUSDT": 23.350527231725692,
      "GALAUSDT": 21.750208377685087,
      "GMTUSDT": 10.123581755200096,
      "GRTUSDT": 17.970316668068918,
      "IMXUSDT": 12.055476397847869,
      "JUPUSDT": 9.632733988428726,
      "LINKUSDT": 16.903607585022236,
      "LTCUSDT": 7.544887652280705,
      "MANAUSDT": 23.139144752328086,
      "METISUSDT": 5.563892832026088,
      "MKRUSDT": 13.679045109131726,
      "NOTUSDT": 16.584398652528808,
      "OPUSDT": 11.624398682885202,
      "REZUSDT": 8.96225531398884,
      "SANDUSDT": 17.126860175392764,
      "SEIUSDT": 17.576503103360253,
      "SNXUSDT": 19.096097351026,
      "SOLUSDT": 12.45382042507261,
      "STRKUSDT": 18.953800767514856,
      "SUIUSDT": 10.40206984358023,
      "SUSHIUSDT": 23.871454500160954,
      "THETAUSDT": 17.254375312296226,
      "TIAUSDT": 18.555625372451914,
      "TRXUSDT": 3.3983459963694176,
      "UNIUSDT": 8.303029858290042,
      "VETUSDT": 17.06577114792241,
      "WIFUSDT": 19.843838910998276,
      "WLDUSDT": 6.530790714118902,
      "XLMUSDT": 10.302174068300056,
      "XRPUSDT": 9.131827695567221,
      "YFIUSDT": 7.33799551509744
    }
  },
  "indicator_effectiveness": {
    "signal_strength": 0.2078294716912697,
    "rsi_value": NaN,
    "volume_ratio": NaN,
    "profit_loss": 1.0
  },
  "risk_patterns": {}
}