{
  "best_time_sessions": {
    "mean": {
      "ASIA_MAIN": 1.1047257926799199,
      "LONDON_OPEN": -19.316396018858274,
      "TRANSITION": 8.330151379048763
    },
    "count": {
      "ASIA_MAIN": 262,
      "LONDON_OPEN": 20,
      "TRANSITION": 718
    },
    "std": {
      "ASIA_MAIN": 18.236364977145946,
      "LONDON_OPEN": 19.81820415565244,
      "TRANSITION": 10.758017844688803
    }
  },
  "symbol_performance": {
    "mean": {
      "1INCHUSDT": 7.218323898668662,
      "ADAUSDT": 5.700123157539496,
      "ALPHAUSDT": 11.371467953135843,
      "AVAXUSDT": 11.558204154346907,
      "AXSUSDT": 7.640691948469381,
      "BCHUSDT": 2.9714438841066144,
      "BNBUSDT": 11.588594632835836,
      "BTCUSDT": -10.899741588745858,
      "CAKEUSDT": 3.403176720371586,
      "CHZUSDT": 10.55011303692514,
      "DOGEUSDT": 1.6889841666007719,
      "DOTUSDT": 30.375862950651936,
      "ETHUSDT": 5.309733504037089,
      "FLOWUSDT": 7.67268445839875,
      "GALAUSDT": 10.889292196007236,
      "GMTUSDT": 10.483624033843762,
      "LINKUSDT": 11.753293062891725,
      "LTCUSDT": 10.615881456382949,
      "METISUSDT": 4.118124522536199,
      "MKRUSDT": -65.26383943023643,
      "SEIUSDT": 6.911168448212319,
      "SUIUSDT": 15.038473916732531,
      "SUSHIUSDT": 14.900871322136673,
      "THETAUSDT": 7.615610940210325,
      "WIFUSDT": 4.788830168884449,
      "XLMUSDT": 0.0,
      "XRPUSDT": 5.9979963249774
    },
    "count": {
      "1INCHUSDT": 36,
      "ADAUSDT": 54,
      "ALPHAUSDT": 18,
      "AVAXUSDT": 38,
      "AXSUSDT": 50,
      "BCHUSDT": 72,
      "BNBUSDT": 19,
      "BTCUSDT": 27,
      "CAKEUSDT": 37,
      "CHZUSDT": 18,
      "DOGEUSDT": 112,
      "DOTUSDT": 10,
      "ETHUSDT": 75,
      "FLOWUSDT": 36,
      "GALAUSDT": 18,
      "GMTUSDT": 36,
      "LINKUSDT": 37,
      "LTCUSDT": 36,
      "METISUSDT": 32,
      "MKRUSDT": 9,
      "SEIUSDT": 18,
      "SUIUSDT": 18,
      "SUSHIUSDT": 18,
      "THETAUSDT": 71,
      "WIFUSDT": 39,
      "XLMUSDT": 9,
      "XRPUSDT": 57
    },
    "std": {
      "1INCHUSDT": 7.406424636833877,
      "ADAUSDT": 8.139789592646782,
      "ALPHAUSDT": 11.701143989737067,
      "AVAXUSDT": 11.481348569667581,
      "AXSUSDT": 9.950198142115152,
      "BCHUSDT": 8.561091602935518,
      "BNBUSDT": 11.299901782022415,
      "BTCUSDT": 31.68142514197179,
      "CAKEUSDT": 5.669124510669132,
      "CHZUSDT": 10.85597675355719,
      "DOGEUSDT": 15.633241735369635,
      "DOTUSDT": 10.67299031302033,
      "ETHUSDT": 9.51326862982409,
      "FLOWUSDT": 7.781573197290755,
      "GALAUSDT": 11.204989228911625,
      "GMTUSDT": 11.236236062591061,
      "LINKUSDT": 12.257187228878333,
      "LTCUSDT": 10.776975791160954,
      "METISUSDT": 3.914319544336867,
      "MKRUSDT": 0.0,
      "SEIUSDT": 7.111533663299767,
      "SUIUSDT": 15.474461996532915,
      "SUSHIUSDT": 15.332870094822148,
      "THETAUSDT": 8.850858471387415,
      "WIFUSDT": 6.417350889294035,
      "XLMUSDT": 0.0,
      "XRPUSDT": 8.931927105798255
    }
  },
  "indicator_effectiveness": {
    "signal_strength": 0.3256138783245615,
    "rsi_value": NaN,
    "volume_ratio": NaN,
    "profit_loss": 1.0
  },
  "risk_patterns": {}
}