{
  "best_time_sessions": {
    "mean": {
      "ASIA_MAIN": 1.121853324349376,
      "LONDON_OPEN": -19.316396018858274,
      "TRANSITION": 7.8105969205026335
    },
    "count": {
      "ASIA_MAIN": 258,
      "LONDON_OPEN": 20,
      "TRANSITION": 722
    },
    "std": {
      "ASIA_MAIN": 18.377209453663678,
      "LONDON_OPEN": 19.81820415565244,
      "TRANSITION": 12.134784510633741
    }
  },
  "symbol_performance": {
    "mean": {
      "1INCHUSDT": 7.218323898668662,
      "ADAUSDT": 5.700123157539496,
      "ALPHAUSDT": 11.371467953135843,
      "AVAXUSDT": 11.810674802766902,
      "AXSUSDT": 7.959054112988938,
      "BCHUSDT": 3.5977198196571347,
      "BNBUSDT": 11.373321880729275,
      "BTCUSDT": -10.899741588745858,
      "CAKEUSDT": 3.3136194382565445,
      "CHZUSDT": 10.55011303692514,
      "DOGEUSDT": 1.5710884049342635,
      "DOTUSDT": 25.31321912554328,
      "ETHUSDT": 5.171818348088074,
      "FLOWUSDT": 7.67268445839875,
      "GALAUSDT": 4.521770601039975,
      "GMTUSDT": 10.483624033843762,
      "IMXUSDT": -58.141641007064166,
      "LINKUSDT": 11.150560085307534,
      "LTCUSDT": 10.615881456382949,
      "METISUSDT": 4.392666157371946,
      "MKRUSDT": -65.26383943023643,
      "SEIUSDT": 6.911168448212319,
      "SNXUSDT": -49.450549450549495,
      "SUIUSDT": 15.038473916732531,
      "SUSHIUSDT": 14.900871322136673,
      "THETAUSDT": 7.676476380468343,
      "WIFUSDT": 4.788988072989569,
      "XLMUSDT": 0.0,
      "XRPUSDT": 5.794674415656132
    },
    "count": {
      "1INCHUSDT": 36,
      "ADAUSDT": 54,
      "ALPHAUSDT": 18,
      "AVAXUSDT": 34,
      "AXSUSDT": 48,
      "BCHUSDT": 72,
      "BNBUSDT": 23,
      "BTCUSDT": 27,
      "CAKEUSDT": 38,
      "CHZUSDT": 18,
      "DOGEUSDT": 111,
      "DOTUSDT": 12,
      "ETHUSDT": 77,
      "FLOWUSDT": 36,
      "GALAUSDT": 20,
      "GMTUSDT": 36,
      "IMXUSDT": 2,
      "LINKUSDT": 39,
      "LTCUSDT": 36,
      "METISUSDT": 30,
      "MKRUSDT": 9,
      "SEIUSDT": 18,
      "SNXUSDT": 2,
      "SUIUSDT": 18,
      "SUSHIUSDT": 18,
      "THETAUSDT": 67,
      "WIFUSDT": 33,
      "XLMUSDT": 9,
      "XRPUSDT": 59
    },
    "std": {
      "1INCHUSDT": 7.406424636833877,
      "ADAUSDT": 8.139789592646782,
      "ALPHAUSDT": 11.701143989737067,
      "AVAXUSDT": 11.680654445649267,
      "AXSUSDT": 10.031535752415074,
      "BCHUSDT": 9.134499641237307,
      "BNBUSDT": 11.14368396002754,
      "BTCUSDT": 31.68142514197179,
      "CAKEUSDT": 5.619175303445092,
      "CHZUSDT": 10.85597675355719,
      "DOGEUSDT": 15.65404622731404,
      "DOTUSDT": 15.264445468268233,
      "ETHUSDT": 9.425672303283779,
      "FLOWUSDT": 7.781573197290756,
      "GALAUSDT": 22.28114608784253,
      "GMTUSDT": 11.236236062591061,
      "IMXUSDT": 0.0,
      "LINKUSDT": 12.215932862338361,
      "LTCUSDT": 10.776975791160954,
      "METISUSDT": 3.8898618444863344,
      "MKRUSDT": 0.0,
      "SEIUSDT": 7.111533663299767,
      "SNXUSDT": 0.0,
      "SUIUSDT": 15.474461996532915,
      "SUSHIUSDT": 15.332870094822146,
      "THETAUSDT": 8.965589163547014,
      "WIFUSDT": 6.348808896085445,
      "XLMUSDT": 0.0,
      "XRPUSDT": 8.844592049035048
    }
  },
  "indicator_effectiveness": {
    "signal_strength": 0.37569399534907455,
    "rsi_value": NaN,
    "volume_ratio": NaN,
    "profit_loss": 1.0
  },
  "risk_patterns": {}
}