{
  "best_time_sessions": {
    "mean": {
      "ASIA_MAIN": 2.3683022335294464,
      "LONDON_MAIN": 13.49407783946816,
      "LONDON_OPEN": -1.000476451743573,
      "TRANSITION": -2.7056520294802495
    },
    "count": {
      "ASIA_MAIN": 352,
      "LONDON_MAIN": 86,
      "LONDON_OPEN": 409,
      "TRANSITION": 153
    },
    "std": {
      "ASIA_MAIN": 11.280793048560426,
      "LONDON_MAIN": 51.86191358827633,
      "LONDON_OPEN": 4.615635616337736,
      "TRANSITION": 7.63818086287139
    }
  },
  "symbol_performance": {
    "mean": {
      "1INCHUSDT": 0.0,
      "AAVEUSDT": -2.480513679116609,
      "ADAUSDT": 0.0,
      "ALGOUSDT": 0.0,
      "ALPHAUSDT": -9.067357512953409,
      "APTUSDT": 0.0,
      "ARBUSDT": 0.0,
      "ARKMUSDT": 4.3503233701690025,
      "ATOMUSDT": 0.0,
      "AVAXUSDT": -8.972623981505023,
      "AXSUSDT": -1.9693945442449103,
      "BCHUSDT": 0.0,
      "BNBUSDT": -1.1121028722369974,
      "BOMEUSDT": 0.0,
      "BTCUSDT": 0.0,
      "CAKEUSDT": -2.3687320690427653,
      "CHZUSDT": 1.8170265208183847,
      "COMPUSDT": -1.3435239562850971,
      "CRVUSDT": 0.0,
      "DOGEUSDT": -27.060359837492626,
      "DOTUSDT": 0.0,
      "EOSUSDT": 0.0,
      "ETCUSDT": 5.038405962430513,
      "FETUSDT": 0.0,
      "FLOWUSDT": 4.11575303871851,
      "GALAUSDT": -5.651469726731106,
      "GMTUSDT": 0.0,
      "GRTUSDT": 11.11503175723369,
      "IMXUSDT": -3.4853239800629066,
      "JUPUSDT": 0.0,
      "LINKUSDT": 0.09046962348330649,
      "MANAUSDT": 1.9340678436733236,
      "MATICUSDT": 0.0,
      "METISUSDT": 6.850600600600438,
      "MKRUSDT": 0.0,
      "NOTUSDT": 0.0,
      "REZUSDT": 2.7407169044336936,
      "SANDUSDT": 0.0,
      "SEIUSDT": 0.0,
      "SNXUSDT": 2.521613832853028,
      "STRKUSDT": -2.5934891073457993,
      "SUIUSDT": 0.0,
      "SUSHIUSDT": -0.3798313715669643,
      "THETAUSDT": 0.0,
      "TIAUSDT": 100.46677039342053,
      "TRXUSDT": 0.5777670154509683,
      "UNIUSDT": 4.409911801763968,
      "VETUSDT": 0.032060089768269504,
      "WIFUSDT": -1.7138347051528513,
      "WLDUSDT": 7.882241215574537,
      "XLMUSDT": 0.0,
      "XRPUSDT": 0.0,
      "YFIUSDT": 5.564442525295152
    },
    "count": {
      "1INCHUSDT": 6,
      "AAVEUSDT": 39,
      "ADAUSDT": 6,
      "ALGOUSDT": 6,
      "ALPHAUSDT": 23,
      "APTUSDT": 6,
      "ARBUSDT": 6,
      "ARKMUSDT": 20,
      "ATOMUSDT": 7,
      "AVAXUSDT": 21,
      "AXSUSDT": 30,
      "BCHUSDT": 6,
      "BNBUSDT": 28,
      "BOMEUSDT": 6,
      "BTCUSDT": 7,
      "CAKEUSDT": 39,
      "CHZUSDT": 35,
      "COMPUSDT": 37,
      "CRVUSDT": 6,
      "DOGEUSDT": 12,
      "DOTUSDT": 6,
      "EOSUSDT": 30,
      "ETCUSDT": 18,
      "FETUSDT": 12,
      "FLOWUSDT": 30,
      "GALAUSDT": 17,
      "GMTUSDT": 7,
      "GRTUSDT": 12,
      "IMXUSDT": 25,
      "JUPUSDT": 6,
      "LINKUSDT": 40,
      "MANAUSDT": 39,
      "MATICUSDT": 28,
      "METISUSDT": 24,
      "MKRUSDT": 31,
      "NOTUSDT": 12,
      "REZUSDT": 27,
      "SANDUSDT": 1,
      "SEIUSDT": 7,
      "SNXUSDT": 32,
      "STRKUSDT": 31,
      "SUIUSDT": 6,
      "SUSHIUSDT": 30,
      "THETAUSDT": 6,
      "TIAUSDT": 12,
      "TRXUSDT": 21,
      "UNIUSDT": 24,
      "VETUSDT": 36,
      "WIFUSDT": 25,
      "WLDUSDT": 27,
      "XLMUSDT": 6,
      "XRPUSDT": 7,
      "YFIUSDT": 19
    },
    "std": {
      "1INCHUSDT": 0.0,
      "AAVEUSDT": 4.073634840761381,
      "ADAUSDT": 0.0,
      "ALGOUSDT": 0.0,
      "ALPHAUSDT": 11.699255239126373,
      "APTUSDT": 0.0,
      "ARBUSDT": 0.0,
      "ARKMUSDT": 15.501454212691756,
      "ATOMUSDT": 0.0,
      "AVAXUSDT": 10.196341559052655,
      "AXSUSDT": 2.641632095155437,
      "BCHUSDT": 0.0,
      "BNBUSDT": 1.6298268388185528,
      "BOMEUSDT": 0.0,
      "BTCUSDT": 0.0,
      "CAKEUSDT": 3.928583810913378,
      "CHZUSDT": 8.66325254015554,
      "COMPUSDT": 3.6741661271281374,
      "CRVUSDT": 0.0,
      "DOGEUSDT": 28.26362405897055,
      "DOTUSDT": 0.0,
      "EOSUSDT": 0.0,
      "ETCUSDT": 8.359717914103637,
      "FETUSDT": 0.0,
      "FLOWUSDT": 7.597270510293537,
      "GALAUSDT": 4.147265276772054,
      "GMTUSDT": 0.0,
      "GRTUSDT": 11.60927204503429,
      "IMXUSDT": 4.147199699885459,
      "JUPUSDT": 0.0,
      "LINKUSDT": 2.112449986351165,
      "MANAUSDT": 3.902040870071439,
      "MATICUSDT": 0.0,
      "METISUSDT": 5.496007833583051,
      "MKRUSDT": 0.0,
      "NOTUSDT": 0.0,
      "REZUSDT": 9.131265370572248,
      "SANDUSDT": NaN,
      "SEIUSDT": 0.0,
      "SNXUSDT": 3.2530311809840486,
      "STRKUSDT": 4.402711762006346,
      "SUIUSDT": 0.0,
      "SUSHIUSDT": 2.5548223629702345,
      "THETAUSDT": 0.0,
      "TIAUSDT": 104.93411934915571,
      "TRXUSDT": 0.6689777225881436,
      "UNIUSDT": 7.802472270271757,
      "VETUSDT": 2.316584340487251,
      "WIFUSDT": 4.724845380484177,
      "WLDUSDT": 19.710597665106818,
      "XLMUSDT": 0.0,
      "XRPUSDT": 0.0,
      "YFIUSDT": 8.415080209382225
    }
  },
  "indicator_effectiveness": {
    "signal_strength": -0.11958958235157316,
    "rsi_value": NaN,
    "volume_ratio": NaN,
    "profit_loss": 1.0
  },
  "risk_patterns": {}
}