{
  "best_time_sessions": {
    "mean": {
      "ASIA_MAIN": -4.023989976124821,
      "LONDON_OPEN": -19.651068040277213,
      "TRANSITION": 1.3954064407719513
    },
    "count": {
      "ASIA_MAIN": 200,
      "LONDON_OPEN": 45,
      "TRANSITION": 755
    },
    "std": {
      "ASIA_MAIN": 25.05061473457626,
      "LONDON_OPEN": 12.152921997264961,
      "TRANSITION": 15.559415519606048
    }
  },
  "symbol_performance": {
    "mean": {
      "1INCHUSDT": 6.224691083123586,
      "ADAUSDT": 5.37651675642104,
      "ALPHAUSDT": 11.371467953135843,
      "AVAXUSDT": -1.565596343400199,
      "AXSUSDT": 10.319057617131088,
      "BCHUSDT": -0.10578030165915155,
      "BNBUSDT": 10.749799697902464,
      "BTCUSDT": -10.899741588745858,
      "CAKEUSDT": -0.9604719172365962,
      "CHZUSDT": 9.591011851750126,
      "DOGEUSDT": -4.102586894594479,
      "DOTUSDT": -5.758339237064509,
      "ETHUSDT": 2.607865813566759,
      "FLOWUSDT": 2.448439491739613,
      "GALAUSDT": -6.345624400773334,
      "GMTUSDT": 3.9334419799158726,
      "IMXUSDT": -32.300911670591205,
      "JUPUSDT": 7.914075749010811,
      "LINKUSDT": 9.522134793475916,
      "LTCUSDT": 0.3187284073409527,
      "MANAUSDT": -60.9137055837564,
      "MKRUSDT": -65.26383943023643,
      "SEIUSDT": 1.0443543432850966,
      "SNXUSDT": -27.472527472527496,
      "SUIUSDT": 15.038473916732531,
      "SUSHIUSDT": -6.6626838578031915,
      "THETAUSDT": 8.114449865840509,
      "XLMUSDT": -14.007737140887444,
      "XRPUSDT": -4.051884979880557
    },
    "count": {
      "1INCHUSDT": 33,
      "ADAUSDT": 49,
      "ALPHAUSDT": 12,
      "AVAXUSDT": 20,
      "AXSUSDT": 24,
      "BCHUSDT": 26,
      "BNBUSDT": 22,
      "BTCUSDT": 18,
      "CAKEUSDT": 79,
      "CHZUSDT": 11,
      "DOGEUSDT": 129,
      "DOTUSDT": 14,
      "ETHUSDT": 120,
      "FLOWUSDT": 72,
      "GALAUSDT": 21,
      "GMTUSDT": 38,
      "IMXUSDT": 9,
      "JUPUSDT": 8,
      "LINKUSDT": 28,
      "LTCUSDT": 27,
      "MANAUSDT": 4,
      "MKRUSDT": 6,
      "SEIUSDT": 45,
      "SNXUSDT": 9,
      "SUIUSDT": 10,
      "SUSHIUSDT": 18,
      "THETAUSDT": 30,
      "XLMUSDT": 43,
      "XRPUSDT": 75
    },
    "std": {
      "1INCHUSDT": 6.65546593284017,
      "ADAUSDT": 6.682228698165042,
      "ALPHAUSDT": 11.877110916343348,
      "AVAXUSDT": 26.703125972740658,
      "AXSUSDT": 10.631983102386227,
      "BCHUSDT": 28.140456904913133,
      "BNBUSDT": 11.015396827023103,
      "BTCUSDT": 31.990519536008506,
      "CAKEUSDT": 9.288739928272228,
      "CHZUSDT": 11.019233685213461,
      "DOGEUSDT": 15.214088375441527,
      "DOTUSDT": 39.97880130179484,
      "ETHUSDT": 6.985762170268145,
      "FLOWUSDT": 13.075009563711577,
      "GALAUSDT": 28.22410603687029,
      "GMTUSDT": 10.852851417151046,
      "IMXUSDT": 30.643335413694793,
      "JUPUSDT": 8.460502853078518,
      "LINKUSDT": 12.067313620746221,
      "LTCUSDT": 28.12238675265394,
      "MANAUSDT": 0.0,
      "MKRUSDT": 0.0,
      "SEIUSDT": 7.554473905910314,
      "SNXUSDT": 26.062727968420734,
      "SUIUSDT": 15.851943369969385,
      "SUSHIUSDT": 35.747032333695465,
      "THETAUSDT": 10.109790259510596,
      "XLMUSDT": 11.087460938292084,
      "XRPUSDT": 13.52621755345268
    }
  },
  "indicator_effectiveness": {
    "signal_strength": 0.320757805033579,
    "rsi_value": NaN,
    "volume_ratio": NaN,
    "profit_loss": 1.0
  },
  "risk_patterns": {}
}