{
  "best_time_sessions": {
    "mean": {
      "ASIA_MAIN": 0.6457375176517732,
      "LONDON_MAIN": 3.9377650968245295,
      "TRANSITION": -3.304188334763624
    },
    "count": {
      "ASIA_MAIN": 567,
      "LONDON_MAIN": 277,
      "TRANSITION": 156
    },
    "std": {
      "ASIA_MAIN": 10.354075627140833,
      "LONDON_MAIN": 32.558174620089886,
      "TRANSITION": 7.86450728027058
    }
  },
  "symbol_performance": {
    "mean": {
      "1INCHUSDT": 0.0,
      "AAVEUSDT": 0.23694700749861883,
      "ADAUSDT": 0.0,
      "ALGOUSDT": 0.0,
      "ALPHAUSDT": -8.23618307426602,
      "APTUSDT": 0.0,
      "ARBUSDT": 0.0,
      "ARKMUSDT": -4.61820950768478,
      "ATOMUSDT": 0.0,
      "AVAXUSDT": -8.365488658867774,
      "AXSUSDT": 0.0,
      "BCHUSDT": 0.0,
      "BNBUSDT": -3.6150912131168695,
      "BOMEUSDT": 0.0,
      "BTCUSDT": 0.0,
      "CAKEUSDT": 0.30118625111173164,
      "CHZUSDT": 6.631927996210386,
      "COMPUSDT": 1.5488756310232639,
      "CRVUSDT": 0.0,
      "DOGEUSDT": -27.060359837492626,
      "DOTUSDT": -7.330433381665856,
      "EOSUSDT": 0.0,
      "ETCUSDT": 4.534565366187461,
      "FETUSDT": 0.0,
      "FLOWUSDT": 5.775577557755781,
      "GMTUSDT": 0.0,
      "GRTUSDT": 11.11503175723369,
      "IMXUSDT": 0.0,
      "JUPUSDT": 0.0,
      "LINKUSDT": -0.4335979843552214,
      "MANAUSDT": 2.584140877357778,
      "MATICUSDT": 0.0,
      "METISUSDT": 0.0,
      "MKRUSDT": 0.0,
      "NOTUSDT": 0.0,
      "REZUSDT": 10.563380281690016,
      "SANDUSDT": 0.0,
      "SEIUSDT": 0.0,
      "SNXUSDT": 0.0,
      "STRKUSDT": 0.0,
      "SUIUSDT": 0.0,
      "SUSHIUSDT": 0.0,
      "THETAUSDT": 0.0,
      "TIAUSDT": 100.46677039342055,
      "TRXUSDT": 0.3749376498569823,
      "UNIUSDT": 4.409911801763968,
      "VETUSDT": -2.305690715394032,
      "WIFUSDT": 0.0,
      "WLDUSDT": 7.993327881623167,
      "XLMUSDT": 0.0,
      "XRPUSDT": 0.0,
      "YFIUSDT": 4.405183665858662
    },
    "count": {
      "1INCHUSDT": 7,
      "AAVEUSDT": 29,
      "ADAUSDT": 7,
      "ALGOUSDT": 13,
      "ALPHAUSDT": 30,
      "APTUSDT": 13,
      "ARBUSDT": 7,
      "ARKMUSDT": 35,
      "ATOMUSDT": 14,
      "AVAXUSDT": 29,
      "AXSUSDT": 21,
      "BCHUSDT": 7,
      "BNBUSDT": 69,
      "BOMEUSDT": 7,
      "BTCUSDT": 14,
      "CAKEUSDT": 23,
      "CHZUSDT": 21,
      "COMPUSDT": 22,
      "CRVUSDT": 7,
      "DOGEUSDT": 14,
      "DOTUSDT": 45,
      "EOSUSDT": 7,
      "ETCUSDT": 28,
      "FETUSDT": 14,
      "FLOWUSDT": 21,
      "GMTUSDT": 14,
      "GRTUSDT": 14,
      "IMXUSDT": 21,
      "JUPUSDT": 13,
      "LINKUSDT": 29,
      "MANAUSDT": 15,
      "MATICUSDT": 20,
      "METISUSDT": 6,
      "MKRUSDT": 14,
      "NOTUSDT": 14,
      "REZUSDT": 14,
      "SANDUSDT": 7,
      "SEIUSDT": 14,
      "SNXUSDT": 14,
      "STRKUSDT": 14,
      "SUIUSDT": 7,
      "SUSHIUSDT": 7,
      "THETAUSDT": 13,
      "TIAUSDT": 14,
      "TRXUSDT": 61,
      "UNIUSDT": 28,
      "VETUSDT": 53,
      "WIFUSDT": 6,
      "WLDUSDT": 29,
      "XLMUSDT": 13,
      "XRPUSDT": 14,
      "YFIUSDT": 28
    },
    "std": {
      "1INCHUSDT": 0.0,
      "AAVEUSDT": 1.171081393871972,
      "ADAUSDT": 0.0,
      "ALGOUSDT": 0.0,
      "ALPHAUSDT": 10.57365065728862,
      "APTUSDT": 0.0,
      "ARBUSDT": 0.0,
      "ARKMUSDT": 22.289714653781274,
      "ATOMUSDT": 0.0,
      "AVAXUSDT": 9.147446810634328,
      "AXSUSDT": 0.0,
      "BCHUSDT": 0.0,
      "BNBUSDT": 2.4480133348700956,
      "BOMEUSDT": 0.0,
      "BTCUSDT": 0.0,
      "CAKEUSDT": 3.482608455463258,
      "CHZUSDT": 9.610576714668593,
      "COMPUSDT": 1.5199221316534313,
      "CRVUSDT": 0.0,
      "DOGEUSDT": 28.081862533402884,
      "DOTUSDT": 4.221399912965188,
      "EOSUSDT": 0.0,
      "ETCUSDT": 7.998221508465707,
      "FETUSDT": 0.0,
      "FLOWUSDT": 8.369607031627572,
      "GMTUSDT": 0.0,
      "GRTUSDT": 11.534613572602275,
      "IMXUSDT": 0.0,
      "JUPUSDT": 0.0,
      "LINKUSDT": 1.3345730899735986,
      "MANAUSDT": 5.35663382075669,
      "MATICUSDT": 0.0,
      "METISUSDT": 0.0,
      "MKRUSDT": 0.0,
      "NOTUSDT": 0.0,
      "REZUSDT": 10.962137781607703,
      "SANDUSDT": 0.0,
      "SEIUSDT": 0.0,
      "SNXUSDT": 0.0,
      "STRKUSDT": 0.0,
      "SUIUSDT": 0.0,
      "SUSHIUSDT": 0.0,
      "THETAUSDT": 0.0,
      "TIAUSDT": 104.25929486177903,
      "TRXUSDT": 1.128635629695765,
      "UNIUSDT": 7.778353287464154,
      "VETUSDT": 4.074304945792654,
      "WIFUSDT": 0.0,
      "WLDUSDT": 20.69004146665623,
      "XLMUSDT": 0.0,
      "XRPUSDT": 0.0,
      "YFIUSDT": 7.7700136396172494
    }
  },
  "indicator_effectiveness": {
    "signal_strength": -0.08328794944944058,
    "rsi_value": NaN,
    "volume_ratio": NaN,
    "profit_loss": 1.0
  },
  "risk_patterns": {}
}