{
  "best_time_sessions": {
    "mean": {
      "ASIA_MAIN": 0.33827073146685893
    },
    "count": {
      "ASIA_MAIN": 1000
    },
    "std": {
      "ASIA_MAIN": 8.424152824275508
    }
  },
  "symbol_performance": {
    "mean": {
      "1INCHUSDT": -5.016609043454505,
      "AAVEUSDT": -5.333240379252488,
      "ADAUSDT": -3.865546025143033,
      "ALGOUSDT": -5.3064082249327775,
      "ALPHAUSDT": -1.0319917440660769,
      "APTUSDT": 4.244449623947355,
      "ARBUSDT": 1.7439481060011874,
      "ARKMUSDT": -0.6349385520579305,
      "ATOMUSDT": 4.937111355993958,
      "AVAXUSDT": -12.189836385307036,
      "AXSUSDT": -0.38610038610030073,
      "BCHUSDT": -1.4330061246747872,
      "BNBUSDT": -1.446007696007748,
      "BOMEUSDT": 2.278566457111593,
      "BTCUSDT": -1.0438871864737143,
      "CAKEUSDT": 6.456243324154325,
      "CHZUSDT": -0.7660878447396318,
      "COMPUSDT": -6.886749014033635,
      "CRVUSDT": 0.0,
      "DOGEUSDT": 1.0606811224166484,
      "DOTUSDT": -3.540669856459493,
      "ENJUSDT": -7.645844483523212,
      "EOSUSDT": 0.0,
      "ETCUSDT": 2.70680463342959,
      "ETHUSDT": 2.8148417629968754,
      "FETUSDT": 2.4783826775205737,
      "FLOWUSDT": 2.9426987486198035,
      "GALAUSDT": -0.9006086912925274,
      "GMTUSDT": -8.314483095922123,
      "GRTUSDT": 5.850190596799829,
      "IMXUSDT": 4.111992133498531,
      "JUPUSDT": -11.561085972850636,
      "LINKUSDT": -0.6227527334323858,
      "LTCUSDT": -3.3635429318882943,
      "MANAUSDT": -4.003336113427971,
      "MATICUSDT": 0.0,
      "METISUSDT": 1.4340263080517204,
      "MKRUSDT": 0.0,
      "NOTUSDT": -4.846091716772892,
      "OPUSDT": -3.194688048108274,
      "REZUSDT": -6.852159468438529,
      "SANDUSDT": 3.0506958240129234,
      "SEIUSDT": 4.831752162000849,
      "SNXUSDT": -12.257405515832495,
      "SOLUSDT": 6.5250756684923275,
      "STRKUSDT": -7.97448165869234,
      "SUIUSDT": 2.892032692585798,
      "SUSHIUSDT": -5.7336386900906655,
      "THETAUSDT": -7.069152885225767,
      "TIAUSDT": 3.7969494081105712,
      "TRXUSDT": 0.48578507029856405,
      "UNIUSDT": 0.5540344995853127,
      "VETUSDT": -2.847371351308447,
      "WIFUSDT": 1.654616740405039,
      "WLDUSDT": 4.2468197331679045,
      "XLMUSDT": -3.4948407867942937,
      "XRPUSDT": 11.227346843112128,
      "YFIUSDT": 5.937234944868533
    },
    "count": {
      "1INCHUSDT": 11,
      "AAVEUSDT": 11,
      "ADAUSDT": 16,
      "ALGOUSDT": 11,
      "ALPHAUSDT": 12,
      "APTUSDT": 22,
      "ARBUSDT": 27,
      "ARKMUSDT": 11,
      "ATOMUSDT": 22,
      "AVAXUSDT": 11,
      "AXSUSDT": 12,
      "BCHUSDT": 5,
      "BNBUSDT": 11,
      "BOMEUSDT": 37,
      "BTCUSDT": 37,
      "CAKEUSDT": 25,
      "CHZUSDT": 11,
      "COMPUSDT": 11,
      "CRVUSDT": 7,
      "DOGEUSDT": 18,
      "DOTUSDT": 11,
      "ENJUSDT": 11,
      "EOSUSDT": 17,
      "ETCUSDT": 20,
      "ETHUSDT": 39,
      "FETUSDT": 21,
      "FLOWUSDT": 20,
      "GALAUSDT": 19,
      "GMTUSDT": 11,
      "GRTUSDT": 29,
      "IMXUSDT": 23,
      "JUPUSDT": 12,
      "LINKUSDT": 35,
      "LTCUSDT": 11,
      "MANAUSDT": 11,
      "MATICUSDT": 11,
      "METISUSDT": 20,
      "MKRUSDT": 11,
      "NOTUSDT": 11,
      "OPUSDT": 12,
      "REZUSDT": 12,
      "SANDUSDT": 25,
      "SEIUSDT": 24,
      "SNXUSDT": 11,
      "SOLUSDT": 33,
      "STRKUSDT": 11,
      "SUIUSDT": 21,
      "SUSHIUSDT": 17,
      "THETAUSDT": 11,
      "TIAUSDT": 27,
      "TRXUSDT": 28,
      "UNIUSDT": 19,
      "VETUSDT": 10,
      "WIFUSDT": 18,
      "WLDUSDT": 11,
      "XLMUSDT": 11,
      "XRPUSDT": 13,
      "YFIUSDT": 15
    },
    "std": {
      "1INCHUSDT": 5.786754279041075,
      "AAVEUSDT": 6.218566774908786,
      "ADAUSDT": 4.186517860384804,
      "ALGOUSDT": 6.113823171984554,
      "ALPHAUSDT": 1.6558710177623996,
      "APTUSDT": 6.9930115365555245,
      "ARBUSDT": 4.065895867940773,
      "ARKMUSDT": 1.5481162463330331,
      "ATOMUSDT": 10.04591735771912,
      "AVAXUSDT": 14.494673255648824,
      "AXSUSDT": 1.1406161326269593,
      "BCHUSDT": 1.4425300964664216,
      "BNBUSDT": 1.6793662273101189,
      "BOMEUSDT": 10.190104336492697,
      "BTCUSDT": 1.8366828123297265,
      "CAKEUSDT": 8.141436039007148,
      "CHZUSDT": 1.0629037481240426,
      "COMPUSDT": 7.925989492353674,
      "CRVUSDT": 0.0,
      "DOGEUSDT": 2.2739572131527166,
      "DOTUSDT": 4.138133647931212,
      "ENJUSDT": 8.81655717964549,
      "EOSUSDT": 0.0,
      "ETCUSDT": 6.265444564270184,
      "ETHUSDT": 10.741802588732453,
      "FETUSDT": 7.757219710707916,
      "FLOWUSDT": 7.850829949267958,
      "GALAUSDT": 7.548792423434318,
      "GMTUSDT": 9.574471786354396,
      "GRTUSDT": 10.064823186178787,
      "IMXUSDT": 8.028013246855233,
      "JUPUSDT": 14.319149934211392,
      "LINKUSDT": 2.357355079083165,
      "LTCUSDT": 3.965147696592267,
      "MANAUSDT": 4.644805016961361,
      "MATICUSDT": 0.0,
      "METISUSDT": 6.48555296191998,
      "MKRUSDT": 0.0,
      "NOTUSDT": 6.7966568301786845,
      "OPUSDT": 4.046395053299622,
      "REZUSDT": 8.557602476531358,
      "SANDUSDT": 7.0810048604439615,
      "SEIUSDT": 6.823817038904672,
      "SNXUSDT": 14.172049974986336,
      "SOLUSDT": 10.357635084563624,
      "STRKUSDT": 9.25482793129123,
      "SUIUSDT": 6.341879084773112,
      "SUSHIUSDT": 9.072133047221405,
      "THETAUSDT": 8.185851557402978,
      "TIAUSDT": 6.937698595668494,
      "TRXUSDT": 3.8897269605729656,
      "UNIUSDT": 1.0593487230423466,
      "VETUSDT": 3.715026516511096,
      "WIFUSDT": 3.0467587901660758,
      "WLDUSDT": 5.591386302447186,
      "XLMUSDT": 4.894361758334123,
      "XRPUSDT": 12.62209914931729,
      "YFIUSDT": 8.69450996253492
    }
  },
  "indicator_effectiveness": {
    "signal_strength": -0.04785251948911903,
    "rsi_value": NaN,
    "volume_ratio": NaN,
    "profit_loss": 1.0
  },
  "risk_patterns": {}
}