{
  "best_time_sessions": {
    "mean": {
      "ASIA_MAIN": -5.926830999263329,
      "TRANSITION": 4.060888022251782
    },
    "count": {
      "ASIA_MAIN": 387,
      "TRANSITION": 613
    },
    "std": {
      "ASIA_MAIN": 26.34267264322255,
      "TRANSITION": 21.361134271467964
    }
  },
  "symbol_performance": {
    "mean": {
      "1INCHUSDT": 8.001641362330707,
      "ADAUSDT": 4.289044289044232,
      "ALPHAUSDT": 11.371467953135843,
      "AVAXUSDT": -6.359713588353049,
      "AXSUSDT": 10.319057617131088,
      "BCHUSDT": -3.368054498899779,
      "BNBUSDT": 10.716547748762519,
      "BTCUSDT": -10.899741588745858,
      "CHZUSDT": 10.55011303692514,
      "DOGEUSDT": 8.05536741846742,
      "DOTUSDT": -9.53064234608007,
      "ETHUSDT": 8.849555840061816,
      "FLOWUSDT": 1.5208491906041088,
      "GALAUSDT": -7.751834840412725,
      "GMTUSDT": 7.949891592387305,
      "IMXUSDT": -29.070820503532083,
      "JUPUSDT": 7.914075749010811,
      "LINKUSDT": 9.86103953122435,
      "LTCUSDT": -4.9479869337429605,
      "MANAUSDT": -60.9137055837564,
      "MKRUSDT": -65.26383943023643,
      "SNXUSDT": -24.725274725274748,
      "SUIUSDT": 15.038473916732531,
      "SUSHIUSDT": -10.769741118958123,
      "THETAUSDT": 8.280050883510725,
      "XRPUSDT": 7.542682321681497
    },
    "count": {
      "1INCHUSDT": 20,
      "ADAUSDT": 39,
      "ALPHAUSDT": 20,
      "AVAXUSDT": 41,
      "AXSUSDT": 40,
      "BCHUSDT": 50,
      "BNBUSDT": 40,
      "BTCUSDT": 30,
      "CHZUSDT": 20,
      "DOGEUSDT": 59,
      "DOTUSDT": 30,
      "ETHUSDT": 50,
      "FLOWUSDT": 162,
      "GALAUSDT": 40,
      "GMTUSDT": 20,
      "IMXUSDT": 20,
      "JUPUSDT": 20,
      "LINKUSDT": 49,
      "LTCUSDT": 51,
      "MANAUSDT": 11,
      "MKRUSDT": 10,
      "SNXUSDT": 20,
      "SUIUSDT": 20,
      "SUSHIUSDT": 41,
      "THETAUSDT": 49,
      "XRPUSDT": 48
    },
    "std": {
      "1INCHUSDT": 8.209510818900466,
      "ADAUSDT": 7.399460139097649,
      "ALPHAUSDT": 11.666879951347452,
      "AVAXUSDT": 27.85747312500809,
      "AXSUSDT": 10.540719756512528,
      "BCHUSDT": 30.453630082533024,
      "BNBUSDT": 10.865705784712462,
      "BTCUSDT": 31.62067451053752,
      "CHZUSDT": 10.824187587936555,
      "DOGEUSDT": 11.49216503615105,
      "DOTUSDT": 40.485260027433974,
      "ETHUSDT": 10.949798067616653,
      "FLOWUSDT": 13.733496298510357,
      "GALAUSDT": 27.82867323682501,
      "GMTUSDT": 8.156416675213148,
      "IMXUSDT": 29.826032513977157,
      "JUPUSDT": 8.119670395247192,
      "LINKUSDT": 12.010295329785293,
      "LTCUSDT": 31.445214741669098,
      "MANAUSDT": 0.0,
      "MKRUSDT": 0.0,
      "SNXUSDT": 25.367596617490094,
      "SUIUSDT": 15.429148686964815,
      "SUSHIUSDT": 36.691570849303226,
      "THETAUSDT": 10.075608402809856,
      "XRPUSDT": 9.446374980832497
    }
  },
  "indicator_effectiveness": {
    "signal_strength": 0.5264181610355962,
    "rsi_value": NaN,
    "volume_ratio": NaN,
    "profit_loss": 1.0
  },
  "risk_patterns": {}
}